year,month,carrier,carrier_name,airport,airport_name,arr_flights,arr_del15,carrier_ct,weather_ct,nas_ct,security_ct,late_aircraft_ct,arr_cancelled,arr_diverted,arr_delay,carrier_delay,weather_delay,nas_delay,security_delay,late_aircraft_delay
2024,12,NK,Spirit Airlines,BNA,"Nashville, TN: Nashville International",187.00,40.00,11.81,0.08,19.87,0.63,7.62,2.00,0.00,2447.00,607.00,10.00,1208.00,25.00,597.00
2024,12,OH,PSA Airlines Inc.,BNA,"Nashville, TN: Nashville International",299.00,87.00,32.26,1.87,21.58,0.00,31.28,2.00,0.00,5646.00,1615.00,218.00,944.00,0.00,2869.00
2024,12,OO,SkyWest Airlines Inc.,BNA,"Nashville, TN: Nashville International",345.00,95.00,48.79,17.40,14.47,0.00,14.34,0.00,0.00,7396.00,3433.00,1800.00,915.00,0.00,1248.00
2024,12,PT,Piedmont Airlines,BNA,"Nashville, TN: Nashville International",21.00,5.00,0.20,0.00,1.10,0.00,3.70,1.00,0.00,307.00,3.00,0.00,33.00,0.00,271.00
2024,12,UA,United Air Lines Network,BNA,"Nashville, TN: Nashville International",448.00,92.00,36.54,0.92,22.76,0.00,31.78,2.00,0.00,4694.00,1520.00,132.00,750.00,0.00,2292.00
2024,12,WN,Southwest Airlines,BNA,"Nashville, TN: Nashville International",4301.00,803.00,228.66,6.43,104.31,6.16,457.44,8.00,1.00,44612.00,11030.00,559.00,4025.00,419.00,28579.00
2024,12,YV,Mesa Airlines Inc.,BNA,"Nashville, TN: Nashville International",68.00,9.00,2.56,0.92,2.83,0.00,2.70,1.00,0.00,695.00,117.00,76.00,88.00,0.00,414.00
2024,12,YX,Republic Airline,BNA,"Nashville, TN: Nashville International",566.00,97.00,24.43,0.65,27.72,0.00,44.20,0.00,0.00,5237.00,1302.00,82.00,1151.00,0.00,2702.00
2024,12,9E,Endeavor Air Inc.,BNA,"Nashville, TN: Nashville International",39.00,7.00,3.00,0.00,3.00,0.00,1.00,0.00,0.00,238.00,102.00,0.00,117.00,0.00,19.00
2024,12,AA,American Airlines Network,BNA,"Nashville, TN: Nashville International",574.00,143.00,51.46,4.56,26.69,0.00,60.29,10.00,1.00,10779.00,3350.00,1120.00,961.00,0.00,5348.00
2024,12,AS,Alaska Airlines Network,BNA,"Nashville, TN: Nashville International",91.00,17.00,5.50,0.00,6.20,0.00,5.30,0.00,0.00,499.00,162.00,0.00,182.00,0.00,155.00
2024,12,B6,JetBlue Airways,BNA,"Nashville, TN: Nashville International",78.00,15.00,4.56,1.00,2.71,0.00,6.73,1.00,1.00,1264.00,473.00,75.00,180.00,0.00,536.00
2024,12,DL,Delta Air Lines Network,BNA,"Nashville, TN: Nashville International",723.00,143.00,77.89,0.89,33.55,0.00,30.67,0.00,0.00,7069.00,4106.00,63.00,1429.00,0.00,1471.00
2024,12,F9,Frontier Airlines,BNA,"Nashville, TN: Nashville International",38.00,9.00,2.37,0.00,0.98,0.00,5.65,0.00,0.00,727.00,68.00,0.00,57.00,0.00,602.00
2024,12,G4,Allegiant Air,BNA,"Nashville, TN: Nashville International",206.00,44.00,12.00,2.90,9.52,0.00,19.58,2.00,0.00,5302.00,1211.00,1091.00,1403.00,0.00,1597.00
2024,12,MQ,Envoy Air,BNA,"Nashville, TN: Nashville International",172.00,27.00,8.18,2.34,4.87,0.00,11.61,1.00,0.00,1045.00,243.00,92.00,146.00,0.00,564.00
2024,12,ZW,Air Wisconsin Airlines Corp,BNA,"Nashville, TN: Nashville International",2.00,0.00,0.00,0.00,0.00,0.00,0.00,0.00,0.00,0.00,0.00,0.00,0.00,0.00,0.00
2024,11,9E,Endeavor Air Inc.,BNA,"Nashville, TN: Nashville International",58.00,7.00,2.00,0.00,1.03,0.00,3.97,0.00,0.00,433.00,229.00,0.00,19.00,0.00,185.00
2024,11,AA,American Airlines Network,BNA,"Nashville, TN: Nashville International",625.00,107.00,47.56,2.89,14.63,0.00,41.93,4.00,0.00,7102.00,2834.00,190.00,650.00,0.00,3428.00
2024,11,AS,Alaska Airlines Network,BNA,"Nashville, TN: Nashville International",88.00,15.00,4.95,0.00,6.40,0.00,3.65,0.00,0.00,479.00,164.00,0.00,171.00,0.00,144.00
2024,11,B6,JetBlue Airways,BNA,"Nashville, TN: Nashville International",98.00,14.00,9.42,0.00,2.65,0.00,1.94,0.00,0.00,671.00,519.00,0.00,58.00,0.00,94.00
2024,11,DL,Delta Air Lines Network,BNA,"Nashville, TN: Nashville International",693.00,60.00,33.35,1.00,18.02,0.00,7.63,0.00,0.00,2953.00,1764.00,363.00,584.00,0.00,242.00
2024,11,F9,Frontier Airlines,BNA,"Nashville, TN: Nashville International",74.00,14.00,2.60,1.17,4.53,0.00,5.70,1.00,0.00,704.00,140.00,54.00,216.00,0.00,294.00
2024,11,G4,Allegiant Air,BNA,"Nashville, TN: Nashville International",179.00,26.00,7.48,1.91,4.53,0.00,12.08,0.00,1.00,2103.00,552.00,327.00,124.00,0.00,1100.00
2024,11,MQ,Envoy Air,BNA,"Nashville, TN: Nashville International",158.00,19.00,5.49,0.00,4.52,0.00,8.99,1.00,0.00,580.00,171.00,0.00,142.00,0.00,267.00
2024,11,NK,Spirit Airlines,BNA,"Nashville, TN: Nashville International",254.00,39.00,9.37,0.00,20.68,0.00,8.95,0.00,0.00,2657.00,622.00,0.00,1351.00,0.00,684.00
2024,11,OH,PSA Airlines Inc.,BNA,"Nashville, TN: Nashville International",227.00,24.00,8.57,0.00,5.81,0.00,9.61,0.00,0.00,1424.00,533.00,0.00,190.00,0.00,701.00
2024,11,OO,SkyWest Airlines Inc.,BNA,"Nashville, TN: Nashville International",296.00,48.00,28.63,4.62,5.88,0.00,8.88,0.00,0.00,2896.00,2041.00,274.00,289.00,0.00,292.00
2024,11,PT,Piedmont Airlines,BNA,"Nashville, TN: Nashville International",28.00,2.00,1.00,0.00,0.18,0.00,0.82,0.00,0.00,140.00,123.00,0.00,3.00,0.00,14.00
2024,11,UA,United Air Lines Network,BNA,"Nashville, TN: Nashville International",542.00,94.00,26.33,2.04,36.50,0.00,29.13,0.00,0.00,6017.00,1212.00,193.00,1465.00,0.00,3147.00
2024,11,WN,Southwest Airlines,BNA,"Nashville, TN: Nashville International",4237.00,479.00,147.17,2.39,61.39,3.00,265.05,10.00,0.00,23146.00,8064.00,143.00,2085.00,136.00,12718.00
2024,11,YV,Mesa Airlines Inc.,BNA,"Nashville, TN: Nashville International",42.00,4.00,1.32,0.00,1.58,0.00,1.11,0.00,0.00,145.00,36.00,0.00,62.00,0.00,47.00
2024,11,YX,Republic Airline,BNA,"Nashville, TN: Nashville International",587.00,48.00,14.97,2.23,11.45,1.00,18.35,0.00,0.00,2111.00,621.00,171.00,390.00,37.00,892.00
2024,10,OO,SkyWest Airlines Inc.,BNA,"Nashville, TN: Nashville International",432.00,71.00,58.54,1.00,7.15,0.00,4.31,0.00,0.00,3942.00,3194.00,92.00,327.00,0.00,329.00
2024,10,PT,Piedmont Airlines,BNA,"Nashville, TN: Nashville International",21.00,2.00,0.04,0.00,1.00,0.00,0.96,0.00,0.00,64.00,2.00,0.00,15.00,0.00,47.00
2024,10,UA,United Air Lines Network,BNA,"Nashville, TN: Nashville International",610.00,86.00,28.25,0.00,20.60,0.00,37.15,0.00,1.00,4855.00,1798.00,0.00,631.00,0.00,2426.00
2024,10,WN,Southwest Airlines,BNA,"Nashville, TN: Nashville International",4620.00,516.00,179.69,1.27,91.51,3.03,240.50,51.00,12.00,22899.00,8018.00,62.00,3024.00,58.00,11737.00
2024,10,YV,Mesa Airlines Inc.,BNA,"Nashville, TN: Nashville International",2.00,0.00,0.00,0.00,0.00,0.00,0.00,0.00,0.00,0.00,0.00,0.00,0.00,0.00,0.00
2024,10,YX,Republic Airline,BNA,"Nashville, TN: Nashville International",566.00,38.00,9.94,0.90,13.72,0.00,13.45,0.00,2.00,1724.00,459.00,52.00,391.00,0.00,822.00
2024,10,9E,Endeavor Air Inc.,BNA,"Nashville, TN: Nashville International",57.00,3.00,2.00,0.00,0.46,0.00,0.54,0.00,2.00,175.00,149.00,0.00,12.00,0.00,14.00
2024,10,AA,American Airlines Network,BNA,"Nashville, TN: Nashville International",844.00,145.00,54.95,0.25,24.54,0.00,65.26,3.00,1.00,8359.00,3435.00,5.00,697.00,0.00,4222.00
2024,10,AS,Alaska Airlines Network,BNA,"Nashville, TN: Nashville International",112.00,12.00,3.08,0.00,7.38,0.00,1.54,0.00,1.00,314.00,91.00,0.00,192.00,0.00,31.00
2024,10,B6,JetBlue Airways,BNA,"Nashville, TN: Nashville International",144.00,30.00,10.52,0.20,16.59,0.00,2.69,0.00,0.00,1236.00,446.00,6.00,558.00,0.00,226.00
2024,10,DL,Delta Air Lines Network,BNA,"Nashville, TN: Nashville International",765.00,60.00,36.99,1.00,8.89,0.00,13.12,0.00,2.00,3050.00,2100.00,104.00,253.00,0.00,593.00
2024,10,F9,Frontier Airlines,BNA,"Nashville, TN: Nashville International",85.00,14.00,6.99,0.00,2.47,0.00,4.54,1.00,0.00,1544.00,887.00,0.00,140.00,0.00,517.00
2024,10,G4,Allegiant Air,BNA,"Nashville, TN: Nashville International",209.00,30.00,13.40,1.09,2.77,0.00,12.74,2.00,0.00,2948.00,1262.00,51.00,69.00,0.00,1566.00
2024,10,MQ,Envoy Air,BNA,"Nashville, TN: Nashville International",159.00,20.00,4.48,0.28,4.59,0.05,10.60,6.00,0.00,1049.00,202.00,11.00,159.00,2.00,675.00
2024,10,NK,Spirit Airlines,BNA,"Nashville, TN: Nashville International",315.00,50.00,18.05,0.00,18.85,0.00,13.10,4.00,1.00,3462.00,1359.00,0.00,1064.00,0.00,1039.00
2024,10,OH,PSA Airlines Inc.,BNA,"Nashville, TN: Nashville International",63.00,8.00,3.09,0.00,1.51,0.00,3.39,0.00,1.00,826.00,429.00,0.00,77.00,0.00,320.00
2024,9,9E,Endeavor Air Inc.,BNA,"Nashville, TN: Nashville International",62.00,6.00,1.70,0.00,1.01,0.00,3.29,0.00,1.00,684.00,249.00,0.00,21.00,0.00,414.00
2024,9,AA,American Airlines Network,BNA,"Nashville, TN: Nashville International",810.00,182.00,54.25,5.44,49.14,0.97,72.20,4.00,4.00,10242.00,3371.00,389.00,1808.00,28.00,4646.00
2024,9,AS,Alaska Airlines Network,BNA,"Nashville, TN: Nashville International",120.00,27.00,8.00,0.00,9.82,0.00,9.18,0.00,0.00,1055.00,429.00,0.00,316.00,0.00,310.00
2024,9,B6,JetBlue Airways,BNA,"Nashville, TN: Nashville International",140.00,26.00,13.15,0.00,6.53,0.00,6.32,0.00,2.00,1555.00,761.00,0.00,308.00,0.00,486.00
2024,9,DL,Delta Air Lines Network,BNA,"Nashville, TN: Nashville International",732.00,69.00,33.04,0.51,16.35,0.00,19.10,0.00,3.00,3186.00,1672.00,31.00,607.00,0.00,876.00
2024,9,F9,Frontier Airlines,BNA,"Nashville, TN: Nashville International",85.00,13.00,5.98,0.00,2.06,0.00,4.97,0.00,0.00,891.00,367.00,0.00,83.00,0.00,441.00
2024,9,G4,Allegiant Air,BNA,"Nashville, TN: Nashville International",212.00,31.00,8.64,2.93,5.41,0.00,14.03,0.00,0.00,2515.00,1396.00,116.00,244.00,0.00,759.00
2024,9,MQ,Envoy Air,BNA,"Nashville, TN: Nashville International",172.00,39.00,7.53,0.08,12.99,0.00,18.40,2.00,0.00,1791.00,318.00,4.00,572.00,0.00,897.00
2024,9,NK,Spirit Airlines,BNA,"Nashville, TN: Nashville International",291.00,52.00,11.82,1.52,26.90,0.00,11.76,8.00,1.00,2694.00,866.00,64.00,1123.00,0.00,641.00
2024,9,OH,PSA Airlines Inc.,BNA,"Nashville, TN: Nashville International",57.00,15.00,3.42,0.65,4.84,0.00,6.10,1.00,1.00,878.00,223.00,98.00,194.00,0.00,363.00
2024,9,OO,SkyWest Airlines Inc.,BNA,"Nashville, TN: Nashville International",369.00,78.00,47.98,12.44,8.16,0.00,9.42,0.00,2.00,4963.00,3201.00,832.00,396.00,0.00,534.00
2024,9,PT,Piedmont Airlines,BNA,"Nashville, TN: Nashville International",25.00,6.00,0.11,0.00,4.54,0.00,1.35,0.00,1.00,271.00,6.00,0.00,211.00,0.00,54.00
2024,9,UA,United Air Lines Network,BNA,"Nashville, TN: Nashville International",603.00,99.00,34.01,1.36,30.21,0.00,33.42,0.00,2.00,6117.00,1621.00,138.00,1103.00,0.00,3255.00
2024,9,WN,Southwest Airlines,BNA,"Nashville, TN: Nashville International",4145.00,498.00,141.64,5.10,96.90,1.41,252.95,21.00,20.00,22331.00,6639.00,224.00,3379.00,38.00,12051.00
2024,9,YV,Mesa Airlines Inc.,BNA,"Nashville, TN: Nashville International",22.00,2.00,1.02,0.00,0.00,0.00,0.98,0.00,0.00,142.00,39.00,0.00,0.00,0.00,103.00
2024,9,YX,Republic Airline,BNA,"Nashville, TN: Nashville International",495.00,66.00,24.60,0.00,22.93,0.00,18.47,0.00,1.00,3813.00,1704.00,0.00,966.00,0.00,1143.00
2024,8,9E,Endeavor Air Inc.,BNA,"Nashville, TN: Nashville International",127.00,26.00,9.94,0.63,7.29,0.00,8.14,14.00,0.00,2176.00,963.00,156.00,450.00,0.00,607.00
2024,8,AA,American Airlines Network,BNA,"Nashville, TN: Nashville International",855.00,300.00,98.77,12.56,40.47,0.25,147.95,16.00,0.00,22005.00,6939.00,1288.00,1343.00,15.00,12420.00
2024,8,AS,Alaska Airlines Network,BNA,"Nashville, TN: Nashville International",121.00,29.00,11.68,0.00,4.85,0.00,12.47,0.00,0.00,1187.00,565.00,0.00,122.00,0.00,500.00
2024,8,B6,JetBlue Airways,BNA,"Nashville, TN: Nashville International",123.00,39.00,17.57,1.00,7.29,0.00,13.14,7.00,0.00,3469.00,1489.00,76.00,440.00,0.00,1464.00
2024,8,DL,Delta Air Lines Network,BNA,"Nashville, TN: Nashville International",726.00,108.00,52.83,3.25,21.88,0.89,29.15,1.00,0.00,6609.00,3331.00,885.00,772.00,102.00,1519.00
2024,8,F9,Frontier Airlines,BNA,"Nashville, TN: Nashville International",82.00,26.00,8.41,0.00,2.66,0.00,14.93,0.00,0.00,1735.00,561.00,0.00,126.00,0.00,1048.00
2024,8,G4,Allegiant Air,BNA,"Nashville, TN: Nashville International",248.00,46.00,10.99,4.62,4.13,0.07,26.19,4.00,0.00,4690.00,1062.00,766.00,149.00,19.00,2694.00
2024,8,MQ,Envoy Air,BNA,"Nashville, TN: Nashville International",194.00,48.00,9.66,3.80,9.74,0.00,24.81,5.00,0.00,2825.00,581.00,227.00,333.00,0.00,1684.00
2024,8,NK,Spirit Airlines,BNA,"Nashville, TN: Nashville International",335.00,93.00,24.56,1.45,43.23,0.07,23.68,18.00,0.00,8044.00,1894.00,57.00,4102.00,5.00,1986.00
2024,8,OH,PSA Airlines Inc.,BNA,"Nashville, TN: Nashville International",133.00,29.00,8.17,3.54,6.80,0.00,10.48,3.00,0.00,2979.00,459.00,657.00,309.00,0.00,1554.00
2024,8,OO,SkyWest Airlines Inc.,BNA,"Nashville, TN: Nashville International",382.00,87.00,54.20,11.49,15.76,0.00,5.54,9.00,0.00,8202.00,4497.00,1091.00,1693.00,0.00,921.00
2024,8,PT,Piedmont Airlines,BNA,"Nashville, TN: Nashville International",27.00,9.00,1.00,1.23,4.08,0.00,2.69,2.00,0.00,739.00,32.00,203.00,325.00,0.00,179.00
2024,8,UA,United Air Lines Network,BNA,"Nashville, TN: Nashville International",547.00,107.00,33.91,1.84,22.53,0.00,48.73,7.00,1.00,8085.00,2123.00,559.00,1212.00,0.00,4191.00
2024,8,WN,Southwest Airlines,BNA,"Nashville, TN: Nashville International",4403.00,763.00,223.04,20.45,91.55,1.50,426.45,39.00,3.00,42486.00,12099.00,1443.00,4269.00,83.00,24592.00
2024,8,YV,Mesa Airlines Inc.,BNA,"Nashville, TN: Nashville International",54.00,4.00,0.70,0.03,1.38,0.00,1.89,1.00,0.00,1075.00,70.00,22.00,84.00,0.00,899.00
2024,8,YX,Republic Airline,BNA,"Nashville, TN: Nashville International",493.00,82.00,21.94,4.13,27.46,0.00,28.47,16.00,0.00,6122.00,1803.00,771.00,1215.00,0.00,2333.00
2024,7,9E,Endeavor Air Inc.,BNA,"Nashville, TN: Nashville International",130.00,32.00,10.83,0.76,9.34,0.00,11.06,10.00,0.00,2901.00,1022.00,100.00,474.00,0.00,1305.00
2024,7,AA,American Airlines Network,BNA,"Nashville, TN: Nashville International",707.00,332.00,97.88,12.63,39.08,1.85,180.55,23.00,2.00,30028.00,10061.00,1299.00,2108.00,66.00,16494.00
2024,7,AS,Alaska Airlines Network,BNA,"Nashville, TN: Nashville International",120.00,26.00,9.02,0.00,4.54,0.00,12.44,0.00,0.00,936.00,303.00,0.00,159.00,0.00,474.00
2024,7,B6,JetBlue Airways,BNA,"Nashville, TN: Nashville International",122.00,35.00,14.27,0.97,9.61,0.06,10.09,1.00,0.00,2729.00,1305.00,28.00,703.00,6.00,687.00
2024,7,DL,Delta Air Lines Network,BNA,"Nashville, TN: Nashville International",726.00,193.00,106.19,4.39,36.92,0.00,45.50,37.00,0.00,17304.00,11153.00,320.00,1836.00,0.00,3995.00
2024,7,F9,Frontier Airlines,BNA,"Nashville, TN: Nashville International",70.00,22.00,4.13,0.95,4.62,0.00,12.30,2.00,0.00,1576.00,322.00,37.00,184.00,0.00,1033.00
2024,7,G4,Allegiant Air,BNA,"Nashville, TN: Nashville International",296.00,58.00,9.25,7.85,6.91,0.00,33.99,9.00,2.00,5903.00,2073.00,595.00,523.00,0.00,2712.00
2024,7,MQ,Envoy Air,BNA,"Nashville, TN: Nashville International",221.00,68.00,8.92,8.21,14.16,0.18,36.53,1.00,1.00,4935.00,386.00,578.00,826.00,20.00,3125.00
2024,7,NK,Spirit Airlines,BNA,"Nashville, TN: Nashville International",431.00,142.00,48.21,2.70,55.43,0.09,35.58,24.00,0.00,10792.00,3625.00,159.00,4347.00,5.00,2656.00
2024,7,OH,PSA Airlines Inc.,BNA,"Nashville, TN: Nashville International",206.00,68.00,16.30,3.97,21.84,0.30,25.59,6.00,1.00,5438.00,1042.00,556.00,1025.00,6.00,2809.00
2024,7,OO,SkyWest Airlines Inc.,BNA,"Nashville, TN: Nashville International",414.00,135.00,62.89,28.08,33.23,0.00,10.80,9.00,0.00,13077.00,7437.00,2163.00,2867.00,0.00,610.00
2024,7,PT,Piedmont Airlines,BNA,"Nashville, TN: Nashville International",30.00,11.00,3.82,0.81,4.60,0.00,1.78,1.00,1.00,433.00,125.00,47.00,144.00,0.00,117.00
2024,7,UA,United Air Lines Network,BNA,"Nashville, TN: Nashville International",528.00,164.00,53.83,9.86,38.84,0.00,61.46,14.00,2.00,13540.00,3904.00,1378.00,1905.00,0.00,6353.00
2024,7,WN,Southwest Airlines,BNA,"Nashville, TN: Nashville International",4691.00,1197.00,323.61,32.10,174.04,5.66,661.59,17.00,13.00,66721.00,16005.00,2353.00,8941.00,164.00,39258.00
2024,7,YV,Mesa Airlines Inc.,BNA,"Nashville, TN: Nashville International",71.00,15.00,5.95,0.40,3.46,0.00,5.19,4.00,0.00,1244.00,391.00,45.00,136.00,0.00,672.00
2024,7,YX,Republic Airline,BNA,"Nashville, TN: Nashville International",484.00,97.00,18.90,2.47,43.75,0.00,31.88,4.00,2.00,6394.00,1636.00,389.00,2149.00,0.00,2220.00
2024,6,YV,Mesa Airlines Inc.,BNA,"Nashville, TN: Nashville International",75.00,14.00,6.85,1.00,1.77,0.00,4.37,2.00,0.00,1297.00,807.00,23.00,70.00,0.00,397.00
2024,6,YX,Republic Airline,BNA,"Nashville, TN: Nashville International",459.00,54.00,20.73,1.33,22.71,0.00,9.22,7.00,1.00,3251.00,1563.00,325.00,830.00,0.00,533.00
2024,6,MQ,Envoy Air,BNA,"Nashville, TN: Nashville International",244.00,68.00,11.42,5.86,12.44,0.00,38.28,5.00,2.00,5373.00,666.00,535.00,856.00,0.00,3316.00
2024,6,NK,Spirit Airlines,BNA,"Nashville, TN: Nashville International",398.00,101.00,28.30,2.22,44.27,1.79,24.43,12.00,1.00,6797.00,2007.00,90.00,2842.00,77.00,1781.00
2024,6,OH,PSA Airlines Inc.,BNA,"Nashville, TN: Nashville International",168.00,28.00,9.37,1.06,9.29,0.11,8.17,1.00,0.00,2151.00,768.00,161.00,467.00,5.00,750.00
2024,6,OO,SkyWest Airlines Inc.,BNA,"Nashville, TN: Nashville International",398.00,124.00,73.90,19.25,22.45,0.00,8.40,11.00,2.00,15253.00,9914.00,2701.00,2126.00,0.00,512.00
2024,6,PT,Piedmont Airlines,BNA,"Nashville, TN: Nashville International",26.00,10.00,2.06,0.94,5.60,0.00,1.40,1.00,0.00,720.00,121.00,69.00,389.00,0.00,141.00
2024,6,UA,United Air Lines Network,BNA,"Nashville, TN: Nashville International",519.00,127.00,44.45,1.85,26.48,0.00,54.23,5.00,5.00,9063.00,2567.00,121.00,1143.00,0.00,5232.00
2024,6,WN,Southwest Airlines,BNA,"Nashville, TN: Nashville International",4503.00,976.00,286.08,14.83,124.82,2.64,547.62,13.00,12.00,53754.00,14752.00,951.00,5198.00,130.00,32723.00
2024,6,9E,Endeavor Air Inc.,BNA,"Nashville, TN: Nashville International",126.00,26.00,10.98,0.00,4.60,0.00,10.41,5.00,1.00,1969.00,697.00,0.00,356.00,0.00,916.00
2024,6,AA,American Airlines Network,BNA,"Nashville, TN: Nashville International",754.00,318.00,96.40,10.24,45.03,0.87,165.46,21.00,2.00,30174.00,8374.00,1878.00,2712.00,68.00,17142.00
2024,6,AS,Alaska Airlines Network,BNA,"Nashville, TN: Nashville International",117.00,25.00,14.12,0.00,3.11,0.50,7.26,0.00,0.00,1348.00,836.00,0.00,132.00,36.00,344.00
2024,6,B6,JetBlue Airways,BNA,"Nashville, TN: Nashville International",131.00,37.00,20.35,0.54,7.32,0.00,8.80,6.00,0.00,3318.00,2168.00,261.00,322.00,0.00,567.00
2024,6,DL,Delta Air Lines Network,BNA,"Nashville, TN: Nashville International",715.00,137.00,69.54,1.22,33.55,1.00,31.69,0.00,3.00,7427.00,4562.00,41.00,1372.00,32.00,1420.00
2024,6,F9,Frontier Airlines,BNA,"Nashville, TN: Nashville International",73.00,17.00,2.70,0.28,5.15,0.00,8.88,4.00,0.00,1179.00,125.00,17.00,222.00,0.00,815.00
2024,6,G4,Allegiant Air,BNA,"Nashville, TN: Nashville International",289.00,59.00,16.18,5.94,3.93,0.00,32.95,1.00,3.00,4164.00,1449.00,374.00,134.00,0.00,2207.00
2024,6,G7,GoJet Airlines LLC d/b/a United Express,BNA,"Nashville, TN: Nashville International",1.00,1.00,0.95,0.00,0.05,0.00,0.00,0.00,0.00,81.00,77.00,0.00,4.00,0.00,0.00
2024,5,MQ,Envoy Air,BNA,"Nashville, TN: Nashville International",246.00,76.00,6.37,2.73,20.67,0.32,45.90,3.00,2.00,4708.00,271.00,114.00,1220.00,12.00,3091.00
2024,5,NK,Spirit Airlines,BNA,"Nashville, TN: Nashville International",372.00,100.00,25.46,2.93,51.49,0.75,19.38,5.00,3.00,7208.00,1629.00,230.00,3764.00,26.00,1559.00
2024,5,OH,PSA Airlines Inc.,BNA,"Nashville, TN: Nashville International",186.00,57.00,12.07,2.67,20.30,0.00,21.96,2.00,2.00,3826.00,864.00,254.00,869.00,0.00,1839.00
2024,5,OO,SkyWest Airlines Inc.,BNA,"Nashville, TN: Nashville International",414.00,136.00,69.62,21.18,34.89,0.00,10.31,9.00,2.00,12769.00,6422.00,1617.00,3726.00,0.00,1004.00
2024,5,UA,United Air Lines Network,BNA,"Nashville, TN: Nashville International",603.00,156.00,45.67,6.26,45.91,0.00,58.15,3.00,3.00,11270.00,2530.00,744.00,2161.00,0.00,5835.00
2024,5,WN,Southwest Airlines,BNA,"Nashville, TN: Nashville International",4302.00,1171.00,278.08,33.72,225.26,4.24,629.70,14.00,21.00,75452.00,16167.00,3090.00,11443.00,239.00,44513.00
2024,5,YV,Mesa Airlines Inc.,BNA,"Nashville, TN: Nashville International",23.00,7.00,3.73,0.72,0.28,0.00,2.27,1.00,0.00,480.00,242.00,52.00,20.00,0.00,166.00
2024,5,YX,Republic Airline,BNA,"Nashville, TN: Nashville International",412.00,69.00,16.76,0.76,27.60,0.00,23.87,4.00,4.00,4689.00,1469.00,82.00,1272.00,0.00,1866.00
2024,5,9E,Endeavor Air Inc.,BNA,"Nashville, TN: Nashville International",144.00,30.00,8.03,1.83,11.28,0.00,8.86,2.00,2.00,2210.00,512.00,243.00,690.00,0.00,765.00
2024,5,AA,American Airlines Network,BNA,"Nashville, TN: Nashville International",775.00,354.00,105.73,13.32,76.08,0.68,158.18,31.00,5.00,31528.00,11298.00,1527.00,3801.00,21.00,14881.00
2024,5,AS,Alaska Airlines Network,BNA,"Nashville, TN: Nashville International",122.00,27.00,4.28,0.00,8.87,0.00,13.84,0.00,3.00,1296.00,347.00,0.00,333.00,0.00,616.00
2024,5,B6,JetBlue Airways,BNA,"Nashville, TN: Nashville International",155.00,28.00,11.16,0.00,10.64,0.00,6.20,0.00,1.00,1736.00,854.00,0.00,509.00,0.00,373.00
2024,5,DL,Delta Air Lines Network,BNA,"Nashville, TN: Nashville International",722.00,151.00,68.92,2.62,43.64,0.00,35.82,1.00,6.00,8785.00,4464.00,169.00,1888.00,0.00,2264.00
2024,5,F9,Frontier Airlines,BNA,"Nashville, TN: Nashville International",67.00,17.00,3.48,0.91,3.88,0.00,8.73,1.00,0.00,1015.00,227.00,139.00,221.00,0.00,428.00
2024,5,G4,Allegiant Air,BNA,"Nashville, TN: Nashville International",293.00,57.00,9.73,2.36,12.92,0.00,31.99,1.00,1.00,4970.00,728.00,156.00,881.00,0.00,3205.00
2024,4,9E,Endeavor Air Inc.,BNA,"Nashville, TN: Nashville International",154.00,20.00,6.61,0.00,4.08,0.00,9.31,3.00,0.00,1145.00,361.00,0.00,150.00,0.00,634.00
2024,4,AA,American Airlines Network,BNA,"Nashville, TN: Nashville International",671.00,184.00,63.80,9.22,36.36,0.26,74.36,7.00,1.00,11577.00,4110.00,741.00,1312.00,14.00,5400.00
2024,4,OO,SkyWest Airlines Inc.,BNA,"Nashville, TN: Nashville International",293.00,44.00,25.94,6.75,6.71,0.00,4.60,1.00,1.00,5809.00,4526.00,703.00,293.00,0.00,287.00
2024,4,F9,Frontier Airlines,BNA,"Nashville, TN: Nashville International",52.00,14.00,2.53,0.73,2.68,0.00,8.06,0.00,0.00,1752.00,283.00,88.00,209.00,0.00,1172.00
2024,4,G4,Allegiant Air,BNA,"Nashville, TN: Nashville International",278.00,33.00,8.32,0.00,7.01,0.00,17.67,1.00,1.00,5715.00,2515.00,0.00,321.00,0.00,2879.00
2024,4,MQ,Envoy Air,BNA,"Nashville, TN: Nashville International",265.00,38.00,11.55,1.95,9.44,0.00,15.06,2.00,0.00,2188.00,700.00,119.00,295.00,0.00,1074.00
2024,4,UA,United Air Lines Network,BNA,"Nashville, TN: Nashville International",555.00,92.00,29.25,1.17,19.31,0.00,42.28,0.00,0.00,5498.00,1425.00,136.00,797.00,0.00,3140.00
2024,4,YV,Mesa Airlines Inc.,BNA,"Nashville, TN: Nashville International",32.00,6.00,1.91,0.00,1.00,0.00,3.09,0.00,0.00,424.00,126.00,0.00,38.00,0.00,260.00
2024,4,YX,Republic Airline,BNA,"Nashville, TN: Nashville International",433.00,34.00,9.78,1.87,13.67,0.00,8.68,1.00,0.00,1517.00,371.00,58.00,420.00,0.00,668.00
2024,4,AS,Alaska Airlines Network,BNA,"Nashville, TN: Nashville International",116.00,21.00,7.69,0.00,9.11,0.00,4.21,0.00,0.00,777.00,390.00,0.00,255.00,0.00,132.00
2024,4,B6,JetBlue Airways,BNA,"Nashville, TN: Nashville International",90.00,20.00,8.42,0.00,6.10,0.00,5.48,1.00,0.00,1179.00,422.00,0.00,238.00,0.00,519.00
2024,4,NK,Spirit Airlines,BNA,"Nashville, TN: Nashville International",305.00,55.00,19.33,0.80,22.29,2.00,10.58,3.00,0.00,3644.00,1603.00,67.00,994.00,51.00,929.00
2024,4,OH,PSA Airlines Inc.,BNA,"Nashville, TN: Nashville International",198.00,44.00,11.82,2.18,11.02,0.00,18.97,0.00,1.00,2469.00,638.00,289.00,307.00,0.00,1235.00
2024,4,WN,Southwest Airlines,BNA,"Nashville, TN: Nashville International",4177.00,711.00,212.94,9.86,101.44,3.83,382.92,10.00,4.00,37176.00,10509.00,787.00,3913.00,153.00,21814.00
2024,4,DL,Delta Air Lines Network,BNA,"Nashville, TN: Nashville International",692.00,76.00,42.08,5.56,14.27,0.00,14.09,0.00,1.00,3548.00,2089.00,308.00,372.00,0.00,779.00
2024,3,9E,Endeavor Air Inc.,BNA,"Nashville, TN: Nashville International",129.00,21.00,10.59,0.00,4.29,0.00,6.12,0.00,0.00,1552.00,1088.00,0.00,86.00,0.00,378.00
2024,3,AA,American Airlines Network,BNA,"Nashville, TN: Nashville International",629.00,237.00,76.15,7.48,32.32,0.05,120.99,9.00,1.00,17869.00,5812.00,692.00,1572.00,7.00,9786.00
2024,3,MQ,Envoy Air,BNA,"Nashville, TN: Nashville International",269.00,46.00,9.35,2.35,10.90,0.00,23.40,3.00,0.00,3114.00,1289.00,90.00,422.00,0.00,1313.00
2024,3,NK,Spirit Airlines,BNA,"Nashville, TN: Nashville International",345.00,84.00,24.85,1.58,40.75,0.35,16.47,5.00,0.00,5470.00,1975.00,34.00,2241.00,7.00,1213.00
2024,3,WN,Southwest Airlines,BNA,"Nashville, TN: Nashville International",4204.00,756.00,209.65,6.94,97.89,1.67,439.84,27.00,3.00,41901.00,11281.00,523.00,4278.00,56.00,25763.00
2024,3,F9,Frontier Airlines,BNA,"Nashville, TN: Nashville International",58.00,8.00,0.00,0.00,1.00,0.00,7.00,2.00,0.00,552.00,0.00,0.00,19.00,0.00,533.00
2024,3,G4,Allegiant Air,BNA,"Nashville, TN: Nashville International",308.00,56.00,10.76,3.32,5.26,0.01,36.65,2.00,0.00,7056.00,1320.00,224.00,249.00,1.00,5262.00
2024,3,AS,Alaska Airlines Network,BNA,"Nashville, TN: Nashville International",93.00,11.00,2.40,0.00,3.11,0.00,5.49,0.00,0.00,656.00,113.00,0.00,241.00,0.00,302.00
2024,3,B6,JetBlue Airways,BNA,"Nashville, TN: Nashville International",93.00,14.00,3.98,0.00,2.88,0.45,6.69,2.00,0.00,931.00,162.00,0.00,118.00,23.00,628.00
2024,3,OH,PSA Airlines Inc.,BNA,"Nashville, TN: Nashville International",299.00,41.00,16.08,0.05,7.76,1.00,16.10,0.00,0.00,2165.00,729.00,1.00,189.00,33.00,1213.00
2024,3,OO,SkyWest Airlines Inc.,BNA,"Nashville, TN: Nashville International",237.00,29.00,16.61,4.00,4.39,0.00,4.00,1.00,0.00,2896.00,1905.00,318.00,322.00,0.00,351.00
2024,3,DL,Delta Air Lines Network,BNA,"Nashville, TN: Nashville International",712.00,91.00,47.25,2.05,23.44,0.00,18.26,1.00,0.00,4596.00,2517.00,183.00,840.00,0.00,1056.00
2024,3,UA,United Air Lines Network,BNA,"Nashville, TN: Nashville International",520.00,81.00,31.15,1.44,15.30,0.00,33.11,1.00,1.00,4946.00,1942.00,119.00,606.00,0.00,2279.00
2024,3,YV,Mesa Airlines Inc.,BNA,"Nashville, TN: Nashville International",24.00,3.00,0.65,0.00,0.79,0.00,1.57,0.00,0.00,231.00,51.00,0.00,33.00,0.00,147.00
2024,3,YX,Republic Airline,BNA,"Nashville, TN: Nashville International",394.00,22.00,8.12,1.00,4.25,0.00,8.63,0.00,0.00,977.00,383.00,22.00,119.00,0.00,453.00
2024,2,9E,Endeavor Air Inc.,BNA,"Nashville, TN: Nashville International",82.00,15.00,3.11,0.00,5.60,0.00,6.29,1.00,0.00,523.00,68.00,0.00,249.00,0.00,206.00
2024,2,AA,American Airlines Network,BNA,"Nashville, TN: Nashville International",577.00,117.00,37.08,1.90,16.14,1.32,60.56,1.00,0.00,7545.00,2233.00,51.00,553.00,49.00,4659.00
2024,2,DL,Delta Air Lines Network,BNA,"Nashville, TN: Nashville International",581.00,35.00,21.78,0.00,8.38,0.00,4.85,0.00,1.00,1816.00,1316.00,0.00,343.00,0.00,157.00
2024,2,G4,Allegiant Air,BNA,"Nashville, TN: Nashville International",258.00,35.00,12.02,1.88,8.01,0.02,13.07,0.00,0.00,4536.00,888.00,1165.00,1284.00,5.00,1194.00
2024,2,MQ,Envoy Air,BNA,"Nashville, TN: Nashville International",210.00,35.00,6.62,1.18,14.81,0.00,12.39,0.00,0.00,1936.00,253.00,21.00,357.00,0.00,1305.00
2024,2,NK,Spirit Airlines,BNA,"Nashville, TN: Nashville International",281.00,52.00,18.63,0.00,21.60,0.42,11.35,0.00,0.00,3291.00,1437.00,0.00,937.00,21.00,896.00
2024,2,OH,PSA Airlines Inc.,BNA,"Nashville, TN: Nashville International",273.00,33.00,12.31,1.98,9.14,0.00,9.57,0.00,0.00,1488.00,467.00,156.00,290.00,0.00,575.00
2024,2,OO,SkyWest Airlines Inc.,BNA,"Nashville, TN: Nashville International",252.00,32.00,21.36,3.09,3.55,1.00,3.00,1.00,0.00,2226.00,1574.00,214.00,198.00,39.00,201.00
2024,2,UA,United Air Lines Network,BNA,"Nashville, TN: Nashville International",386.00,56.00,19.42,0.85,17.39,0.00,18.34,2.00,0.00,3372.00,1169.00,164.00,879.00,0.00,1160.00
2024,2,YX,Republic Airline,BNA,"Nashville, TN: Nashville International",394.00,27.00,6.76,1.00,9.60,0.00,9.64,3.00,0.00,1291.00,337.00,15.00,307.00,0.00,632.00
2024,2,AS,Alaska Airlines Network,BNA,"Nashville, TN: Nashville International",54.00,11.00,3.25,0.00,5.21,0.00,2.54,0.00,0.00,331.00,75.00,0.00,161.00,0.00,95.00
2024,2,B6,JetBlue Airways,BNA,"Nashville, TN: Nashville International",85.00,12.00,4.54,0.06,4.25,0.00,3.15,2.00,0.00,844.00,438.00,4.00,142.00,0.00,260.00
2024,2,F9,Frontier Airlines,BNA,"Nashville, TN: Nashville International",40.00,4.00,0.93,0.00,0.00,0.00,3.07,0.00,0.00,520.00,208.00,0.00,0.00,0.00,312.00
2024,2,WN,Southwest Airlines,BNA,"Nashville, TN: Nashville International",3536.00,388.00,132.08,2.54,64.32,4.91,184.15,8.00,2.00,18320.00,5834.00,167.00,2405.00,348.00,9566.00
2024,2,YV,Mesa Airlines Inc.,BNA,"Nashville, TN: Nashville International",73.00,6.00,2.37,0.24,0.86,0.00,2.54,0.00,0.00,361.00,112.00,14.00,54.00,0.00,181.00
2024,1,9E,Endeavor Air Inc.,BNA,"Nashville, TN: Nashville International",81.00,15.00,1.85,0.00,6.93,0.00,6.22,5.00,0.00,1399.00,223.00,0.00,475.00,0.00,701.00
2024,1,AA,American Airlines Network,BNA,"Nashville, TN: Nashville International",605.00,203.00,63.83,7.05,38.34,0.67,93.11,42.00,2.00,14149.00,4947.00,500.00,1571.00,21.00,7110.00
2024,1,UA,United Air Lines Network,BNA,"Nashville, TN: Nashville International",387.00,69.00,22.15,1.53,17.14,0.00,28.18,53.00,0.00,6438.00,1999.00,175.00,1646.00,0.00,2618.00
2024,1,AS,Alaska Airlines Network,BNA,"Nashville, TN: Nashville International",59.00,15.00,4.66,0.77,1.37,0.00,8.20,8.00,0.00,801.00,199.00,24.00,72.00,0.00,506.00
2024,1,OH,PSA Airlines Inc.,BNA,"Nashville, TN: Nashville International",294.00,54.00,12.52,1.82,19.82,0.25,19.58,29.00,0.00,4291.00,804.00,113.00,1399.00,34.00,1941.00
2024,1,OO,SkyWest Airlines Inc.,BNA,"Nashville, TN: Nashville International",302.00,90.00,42.64,14.14,16.67,0.00,16.56,27.00,0.00,8768.00,3519.00,1678.00,1575.00,0.00,1996.00
2024,1,YV,Mesa Airlines Inc.,BNA,"Nashville, TN: Nashville International",32.00,3.00,2.00,0.00,1.00,0.00,0.00,1.00,0.00,106.00,79.00,0.00,27.00,0.00,0.00
2024,1,YX,Republic Airline,BNA,"Nashville, TN: Nashville International",439.00,54.00,9.96,2.49,24.30,0.00,17.25,41.00,0.00,4586.00,725.00,230.00,1852.00,0.00,1779.00
2024,1,B6,JetBlue Airways,BNA,"Nashville, TN: Nashville International",96.00,14.00,4.74,1.46,6.85,0.00,0.94,1.00,0.00,1392.00,551.00,296.00,327.00,0.00,218.00
2024,1,F9,Frontier Airlines,BNA,"Nashville, TN: Nashville International",40.00,3.00,1.12,1.00,0.88,0.00,0.00,2.00,0.00,60.00,24.00,17.00,19.00,0.00,0.00
2024,1,WN,Southwest Airlines,BNA,"Nashville, TN: Nashville International",3881.00,821.00,250.76,8.53,168.69,2.03,390.99,203.00,4.00,42992.00,11892.00,651.00,7484.00,139.00,22826.00
2024,1,DL,Delta Air Lines Network,BNA,"Nashville, TN: Nashville International",602.00,111.00,55.55,4.98,28.41,0.00,22.06,28.00,1.00,7676.00,4298.00,804.00,1078.00,0.00,1496.00
2024,1,G4,Allegiant Air,BNA,"Nashville, TN: Nashville International",251.00,56.00,10.39,4.83,13.68,0.00,27.09,20.00,0.00,6390.00,2777.00,521.00,782.00,0.00,2310.00
2024,1,MQ,Envoy Air,BNA,"Nashville, TN: Nashville International",227.00,62.00,10.55,3.94,21.54,0.00,25.98,26.00,0.00,2470.00,403.00,148.00,737.00,0.00,1182.00
2024,1,NK,Spirit Airlines,BNA,"Nashville, TN: Nashville International",289.00,62.00,21.37,1.10,22.25,1.18,16.11,11.00,0.00,4113.00,1111.00,138.00,1458.00,38.00,1368.00
2023,12,9E,Endeavor Air Inc.,BNA,"Nashville, TN: Nashville International",61.00,7.00,1.55,0.00,3.45,0.00,2.00,0.00,0.00,280.00,61.00,0.00,104.00,0.00,115.00
2023,12,AA,American Airlines Network,BNA,"Nashville, TN: Nashville International",572.00,126.00,41.69,0.45,21.65,0.04,62.17,0.00,0.00,7887.00,2040.00,31.00,649.00,3.00,5164.00
2023,12,OO,SkyWest Airlines Inc.,BNA,"Nashville, TN: Nashville International",287.00,55.00,19.85,5.37,16.87,0.00,12.91,2.00,1.00,6756.00,3247.00,963.00,668.00,0.00,1878.00
2023,12,AS,Alaska Airlines Network,BNA,"Nashville, TN: Nashville International",62.00,7.00,1.56,0.00,2.10,0.00,3.34,0.00,1.00,190.00,39.00,0.00,52.00,0.00,99.00
2023,12,UA,United Air Lines Network,BNA,"Nashville, TN: Nashville International",362.00,41.00,13.74,0.00,10.55,0.00,16.71,0.00,2.00,2027.00,489.00,0.00,365.00,0.00,1173.00
2023,12,YV,Mesa Airlines Inc.,BNA,"Nashville, TN: Nashville International",102.00,12.00,5.52,1.00,1.00,0.00,4.48,0.00,0.00,804.00,285.00,106.00,26.00,0.00,387.00
2023,12,B6,JetBlue Airways,BNA,"Nashville, TN: Nashville International",142.00,29.00,16.29,1.00,4.29,0.00,7.41,1.00,0.00,2208.00,1209.00,110.00,159.00,0.00,730.00
2023,12,F9,Frontier Airlines,BNA,"Nashville, TN: Nashville International",67.00,8.00,3.09,0.00,2.42,0.00,2.49,1.00,0.00,503.00,183.00,0.00,45.00,0.00,275.00
2023,12,G4,Allegiant Air,BNA,"Nashville, TN: Nashville International",291.00,46.00,6.38,0.90,12.51,0.33,25.89,0.00,0.00,3486.00,302.00,36.00,468.00,16.00,2664.00
2023,12,G7,GoJet Airlines LLC d/b/a United Express,BNA,"Nashville, TN: Nashville International",9.00,1.00,0.42,0.00,0.12,0.00,0.46,0.00,0.00,57.00,24.00,0.00,7.00,0.00,26.00
2023,12,MQ,Envoy Air,BNA,"Nashville, TN: Nashville International",258.00,54.00,13.94,0.10,14.70,0.00,25.26,0.00,0.00,3116.00,663.00,6.00,445.00,0.00,2002.00
2023,12,YX,Republic Airline,BNA,"Nashville, TN: Nashville International",496.00,29.00,10.48,0.18,10.70,0.00,7.64,2.00,2.00,1857.00,781.00,7.00,299.00,0.00,770.00
2023,12,DL,Delta Air Lines Network,BNA,"Nashville, TN: Nashville International",672.00,61.00,37.49,0.00,14.47,0.00,9.04,0.00,2.00,3783.00,2287.00,0.00,516.00,0.00,980.00
2023,12,NK,Spirit Airlines,BNA,"Nashville, TN: Nashville International",339.00,78.00,28.04,0.98,25.63,1.20,22.15,2.00,0.00,4689.00,1442.00,48.00,1387.00,26.00,1786.00
2023,12,OH,PSA Airlines Inc.,BNA,"Nashville, TN: Nashville International",299.00,31.00,8.51,2.10,3.57,0.37,16.44,0.00,1.00,2517.00,742.00,122.00,98.00,10.00,1545.00
2023,12,WN,Southwest Airlines,BNA,"Nashville, TN: Nashville International",4333.00,758.00,246.38,8.58,129.25,5.59,368.20,30.00,11.00,36225.00,10465.00,641.00,4930.00,204.00,19985.00
2023,11,9E,Endeavor Air Inc.,BNA,"Nashville, TN: Nashville International",84.00,5.00,1.11,0.00,2.00,0.00,1.89,0.00,0.00,300.00,180.00,0.00,47.00,0.00,73.00
2023,11,AA,American Airlines Network,BNA,"Nashville, TN: Nashville International",638.00,113.00,44.57,1.13,22.53,0.90,43.88,0.00,0.00,6273.00,2337.00,56.00,794.00,61.00,3025.00
2023,11,AS,Alaska Airlines Network,BNA,"Nashville, TN: Nashville International",72.00,11.00,5.17,0.00,1.96,0.00,3.87,0.00,0.00,384.00,216.00,0.00,44.00,0.00,124.00
2023,11,B6,JetBlue Airways,BNA,"Nashville, TN: Nashville International",132.00,27.00,11.63,0.00,6.15,0.00,9.21,0.00,0.00,1661.00,737.00,0.00,272.00,0.00,652.00
2023,11,DL,Delta Air Lines Network,BNA,"Nashville, TN: Nashville International",664.00,40.00,23.14,0.00,9.44,0.00,7.41,0.00,1.00,2509.00,1596.00,0.00,294.00,0.00,619.00
2023,11,F9,Frontier Airlines,BNA,"Nashville, TN: Nashville International",79.00,8.00,3.83,0.00,1.50,0.00,2.67,0.00,0.00,336.00,193.00,0.00,33.00,0.00,110.00
2023,11,G4,Allegiant Air,BNA,"Nashville, TN: Nashville International",302.00,58.00,14.97,1.68,14.60,0.83,25.92,0.00,0.00,2803.00,545.00,67.00,479.00,15.00,1697.00
2023,11,G7,GoJet Airlines LLC d/b/a United Express,BNA,"Nashville, TN: Nashville International",8.00,0.00,0.00,0.00,0.00,0.00,0.00,0.00,0.00,0.00,0.00,0.00,0.00,0.00,0.00
2023,11,MQ,Envoy Air,BNA,"Nashville, TN: Nashville International",263.00,47.00,12.93,0.00,13.26,0.54,20.27,0.00,0.00,2133.00,668.00,0.00,465.00,13.00,987.00
2023,11,NK,Spirit Airlines,BNA,"Nashville, TN: Nashville International",325.00,88.00,29.58,0.00,29.57,1.10,27.74,1.00,0.00,5659.00,1965.00,0.00,1524.00,85.00,2085.00
2023,11,OH,PSA Airlines Inc.,BNA,"Nashville, TN: Nashville International",207.00,27.00,9.54,1.00,5.74,0.00,10.72,0.00,0.00,1607.00,745.00,22.00,182.00,0.00,658.00
2023,11,OO,SkyWest Airlines Inc.,BNA,"Nashville, TN: Nashville International",316.00,37.00,15.83,5.71,12.50,0.00,2.96,0.00,0.00,3894.00,1915.00,1017.00,345.00,0.00,617.00
2023,11,UA,United Air Lines Network,BNA,"Nashville, TN: Nashville International",403.00,47.00,17.99,0.00,12.50,0.00,16.51,0.00,0.00,2656.00,1015.00,0.00,396.00,0.00,1245.00
2023,11,WN,Southwest Airlines,BNA,"Nashville, TN: Nashville International",4202.00,581.00,204.37,0.21,96.95,1.93,277.54,5.00,1.00,22576.00,8327.00,7.00,2896.00,44.00,11302.00
2023,11,YV,Mesa Airlines Inc.,BNA,"Nashville, TN: Nashville International",114.00,10.00,4.20,0.00,0.00,0.00,5.80,0.00,0.00,832.00,124.00,0.00,0.00,0.00,708.00
2023,11,YX,Republic Airline,BNA,"Nashville, TN: Nashville International",469.00,24.00,11.70,0.00,5.06,0.00,7.24,0.00,0.00,1551.00,544.00,0.00,235.00,0.00,772.00
2023,10,9E,Endeavor Air Inc.,BNA,"Nashville, TN: Nashville International",126.00,12.00,3.72,0.00,6.40,0.00,1.89,0.00,0.00,519.00,201.00,0.00,156.00,0.00,162.00
2023,10,AA,American Airlines Network,BNA,"Nashville, TN: Nashville International",784.00,139.00,51.85,1.00,25.18,0.39,60.58,4.00,0.00,10145.00,4334.00,18.00,1083.00,48.00,4662.00
2023,10,AS,Alaska Airlines Network,BNA,"Nashville, TN: Nashville International",89.00,17.00,2.93,0.00,7.48,0.00,6.60,0.00,0.00,614.00,256.00,0.00,210.00,0.00,148.00
2023,10,B6,JetBlue Airways,BNA,"Nashville, TN: Nashville International",199.00,54.00,25.74,0.00,12.49,0.87,14.90,0.00,0.00,4239.00,2446.00,0.00,444.00,20.00,1329.00
2023,10,DL,Delta Air Lines Network,BNA,"Nashville, TN: Nashville International",716.00,59.00,36.11,0.25,15.60,0.00,7.05,1.00,0.00,2913.00,1935.00,9.00,449.00,0.00,520.00
2023,10,F9,Frontier Airlines,BNA,"Nashville, TN: Nashville International",129.00,19.00,5.57,0.00,5.29,0.00,8.15,3.00,1.00,1068.00,160.00,0.00,234.00,0.00,674.00
2023,10,G4,Allegiant Air,BNA,"Nashville, TN: Nashville International",308.00,62.00,14.56,1.00,11.66,0.00,34.77,0.00,0.00,4685.00,1143.00,93.00,363.00,0.00,3086.00
2023,10,G7,GoJet Airlines LLC d/b/a United Express,BNA,"Nashville, TN: Nashville International",1.00,0.00,0.00,0.00,0.00,0.00,0.00,0.00,0.00,0.00,0.00,0.00,0.00,0.00,0.00
2023,10,MQ,Envoy Air,BNA,"Nashville, TN: Nashville International",259.00,44.00,10.22,1.25,11.37,0.00,21.17,0.00,1.00,2760.00,561.00,58.00,451.00,0.00,1690.00
2023,10,NK,Spirit Airlines,BNA,"Nashville, TN: Nashville International",324.00,85.00,29.00,0.03,30.45,0.95,24.56,8.00,0.00,4250.00,1235.00,1.00,1195.00,65.00,1754.00
2023,10,OH,PSA Airlines Inc.,BNA,"Nashville, TN: Nashville International",173.00,23.00,11.10,0.00,3.00,0.06,8.84,0.00,0.00,1367.00,638.00,0.00,114.00,7.00,608.00
2023,10,OO,SkyWest Airlines Inc.,BNA,"Nashville, TN: Nashville International",351.00,72.00,57.00,5.00,2.00,0.00,8.00,0.00,0.00,5145.00,4169.00,234.00,63.00,0.00,679.00
2023,10,UA,United Air Lines Network,BNA,"Nashville, TN: Nashville International",583.00,67.00,25.42,0.00,21.90,0.00,19.68,0.00,0.00,3159.00,1404.00,0.00,632.00,0.00,1123.00
2023,10,WN,Southwest Airlines,BNA,"Nashville, TN: Nashville International",4549.00,754.00,237.68,4.43,107.84,2.00,402.06,8.00,1.00,34419.00,11998.00,301.00,3856.00,101.00,18163.00
2023,10,YV,Mesa Airlines Inc.,BNA,"Nashville, TN: Nashville International",103.00,15.00,5.41,2.00,2.78,0.00,4.81,0.00,0.00,870.00,310.00,130.00,73.00,0.00,357.00
2023,10,YX,Republic Airline,BNA,"Nashville, TN: Nashville International",339.00,16.00,7.39,0.00,6.55,0.00,2.06,0.00,0.00,656.00,425.00,0.00,179.00,0.00,52.00
2023,9,9E,Endeavor Air Inc.,BNA,"Nashville, TN: Nashville International",82.00,9.00,4.19,0.00,2.27,0.00,2.54,0.00,0.00,682.00,419.00,0.00,168.00,0.00,95.00
2023,9,AA,American Airlines Network,BNA,"Nashville, TN: Nashville International",784.00,206.00,59.06,6.06,39.21,0.00,101.68,8.00,0.00,15607.00,3891.00,468.00,1737.00,0.00,9511.00
2023,9,AS,Alaska Airlines Network,BNA,"Nashville, TN: Nashville International",85.00,14.00,4.50,0.00,6.97,0.00,2.54,0.00,0.00,382.00,142.00,0.00,166.00,0.00,74.00
2023,9,B6,JetBlue Airways,BNA,"Nashville, TN: Nashville International",178.00,61.00,26.77,1.64,9.02,1.03,22.53,5.00,2.00,5801.00,2765.00,448.00,708.00,40.00,1840.00
2023,9,DL,Delta Air Lines Network,BNA,"Nashville, TN: Nashville International",708.00,96.00,54.83,1.57,19.71,0.00,19.89,3.00,2.00,5477.00,3417.00,76.00,695.00,0.00,1289.00
2023,9,F9,Frontier Airlines,BNA,"Nashville, TN: Nashville International",114.00,23.00,5.53,0.00,6.00,0.00,11.47,2.00,0.00,1485.00,337.00,0.00,222.00,0.00,926.00
2023,9,G4,Allegiant Air,BNA,"Nashville, TN: Nashville International",315.00,92.00,28.03,1.92,18.73,0.00,43.33,1.00,0.00,6697.00,1931.00,138.00,849.00,0.00,3779.00
2023,9,MQ,Envoy Air,BNA,"Nashville, TN: Nashville International",231.00,41.00,10.76,1.07,7.76,0.00,21.41,0.00,0.00,2099.00,495.00,109.00,329.00,0.00,1166.00
2023,9,NK,Spirit Airlines,BNA,"Nashville, TN: Nashville International",241.00,59.00,24.29,2.93,19.68,0.07,12.04,3.00,0.00,3420.00,1812.00,105.00,1073.00,1.00,429.00
2023,9,OH,PSA Airlines Inc.,BNA,"Nashville, TN: Nashville International",129.00,20.00,3.58,0.00,6.69,0.07,9.66,0.00,0.00,1589.00,206.00,0.00,265.00,4.00,1114.00
2023,9,OO,SkyWest Airlines Inc.,BNA,"Nashville, TN: Nashville International",253.00,75.00,41.59,12.00,11.44,0.00,9.97,13.00,0.00,6017.00,3025.00,861.00,1204.00,0.00,927.00
2023,9,UA,United Air Lines Network,BNA,"Nashville, TN: Nashville International",575.00,82.00,30.61,4.66,20.84,0.00,25.89,3.00,1.00,6493.00,2003.00,645.00,1683.00,0.00,2162.00
2023,9,WN,Southwest Airlines,BNA,"Nashville, TN: Nashville International",3955.00,598.00,156.12,17.30,95.21,5.13,324.24,18.00,9.00,29645.00,7226.00,1711.00,3352.00,184.00,17172.00
2023,9,YV,Mesa Airlines Inc.,BNA,"Nashville, TN: Nashville International",63.00,14.00,6.61,2.81,2.65,0.00,1.94,0.00,0.00,848.00,263.00,380.00,88.00,0.00,117.00
2023,9,YX,Republic Airline,BNA,"Nashville, TN: Nashville International",414.00,52.00,23.05,1.84,15.36,0.00,11.75,20.00,2.00,3174.00,1496.00,356.00,704.00,0.00,618.00
2023,8,9E,Endeavor Air Inc.,BNA,"Nashville, TN: Nashville International",166.00,25.00,6.02,2.91,11.40,0.00,4.68,2.00,0.00,1465.00,362.00,308.00,523.00,0.00,272.00
2023,8,AA,American Airlines Network,BNA,"Nashville, TN: Nashville International",755.00,221.00,79.95,8.58,29.61,1.15,101.72,10.00,1.00,19927.00,8122.00,1069.00,1303.00,39.00,9394.00
2023,8,AS,Alaska Airlines Network,BNA,"Nashville, TN: Nashville International",89.00,18.00,6.50,0.00,4.82,0.00,6.68,0.00,0.00,577.00,313.00,0.00,107.00,0.00,157.00
2023,8,B6,JetBlue Airways,BNA,"Nashville, TN: Nashville International",166.00,55.00,25.72,1.55,11.97,0.00,15.76,7.00,0.00,4141.00,2079.00,69.00,630.00,0.00,1363.00
2023,8,DL,Delta Air Lines Network,BNA,"Nashville, TN: Nashville International",736.00,152.00,77.38,7.17,24.10,0.00,43.36,9.00,0.00,10263.00,4982.00,626.00,1360.00,0.00,3295.00
2023,8,F9,Frontier Airlines,BNA,"Nashville, TN: Nashville International",74.00,19.00,6.14,0.00,5.01,0.00,7.85,4.00,0.00,1113.00,596.00,0.00,179.00,0.00,338.00
2023,8,G4,Allegiant Air,BNA,"Nashville, TN: Nashville International",327.00,94.00,27.54,7.15,14.39,1.00,43.92,5.00,0.00,6919.00,2263.00,720.00,729.00,25.00,3182.00
2023,8,MQ,Envoy Air,BNA,"Nashville, TN: Nashville International",257.00,54.00,6.33,3.28,17.64,0.69,26.05,6.00,1.00,3618.00,393.00,339.00,741.00,122.00,2023.00
2023,8,NK,Spirit Airlines,BNA,"Nashville, TN: Nashville International",224.00,65.00,22.98,1.17,28.70,1.20,10.95,2.00,0.00,4233.00,1244.00,98.00,1531.00,70.00,1290.00
2023,8,OH,PSA Airlines Inc.,BNA,"Nashville, TN: Nashville International",236.00,46.00,10.74,2.79,19.48,0.82,12.18,3.00,1.00,3582.00,589.00,579.00,1049.00,98.00,1267.00
2023,8,OO,SkyWest Airlines Inc.,BNA,"Nashville, TN: Nashville International",155.00,31.00,19.00,6.00,2.00,0.00,4.00,1.00,0.00,1851.00,911.00,596.00,134.00,0.00,210.00
2023,8,UA,United Air Lines Network,BNA,"Nashville, TN: Nashville International",624.00,156.00,53.34,5.39,36.50,0.00,60.77,8.00,0.00,9365.00,2906.00,335.00,1511.00,0.00,4613.00
2023,8,WN,Southwest Airlines,BNA,"Nashville, TN: Nashville International",4116.00,677.00,188.13,16.82,111.99,3.96,356.10,31.00,8.00,33431.00,8935.00,1384.00,4666.00,249.00,18197.00
2023,8,YV,Mesa Airlines Inc.,BNA,"Nashville, TN: Nashville International",66.00,12.00,7.10,0.00,2.32,0.00,2.58,0.00,0.00,398.00,210.00,0.00,57.00,0.00,131.00
2023,8,YX,Republic Airline,BNA,"Nashville, TN: Nashville International",277.00,38.00,9.45,3.05,11.96,2.00,11.54,1.00,0.00,2140.00,535.00,258.00,425.00,131.00,791.00
2023,7,9E,Endeavor Air Inc.,BNA,"Nashville, TN: Nashville International",93.00,25.00,13.70,2.00,5.24,0.00,4.06,6.00,0.00,1865.00,1118.00,105.00,361.00,0.00,281.00
2023,7,AA,American Airlines Network,BNA,"Nashville, TN: Nashville International",688.00,266.00,84.86,13.67,57.19,0.47,109.80,10.00,2.00,21797.00,8673.00,914.00,2353.00,15.00,9842.00
2023,7,AS,Alaska Airlines Network,BNA,"Nashville, TN: Nashville International",87.00,20.00,9.76,0.00,3.54,0.00,6.69,0.00,0.00,764.00,490.00,0.00,86.00,0.00,188.00
2023,7,B6,JetBlue Airways,BNA,"Nashville, TN: Nashville International",173.00,74.00,30.44,3.28,22.32,0.00,17.96,12.00,0.00,6909.00,3104.00,308.00,1625.00,0.00,1872.00
2023,7,DL,Delta Air Lines Network,BNA,"Nashville, TN: Nashville International",717.00,159.00,75.49,5.08,36.34,0.00,42.09,5.00,2.00,10428.00,4892.00,455.00,2168.00,0.00,2913.00
2023,7,F9,Frontier Airlines,BNA,"Nashville, TN: Nashville International",88.00,29.00,5.74,0.95,9.54,0.00,12.77,4.00,0.00,1950.00,572.00,45.00,523.00,0.00,810.00
2023,7,G4,Allegiant Air,BNA,"Nashville, TN: Nashville International",345.00,131.00,39.57,3.78,23.21,0.23,64.20,2.00,1.00,12768.00,3783.00,164.00,1501.00,62.00,7258.00
2023,7,MQ,Envoy Air,BNA,"Nashville, TN: Nashville International",267.00,69.00,16.34,7.97,18.41,0.67,25.62,1.00,0.00,3551.00,896.00,409.00,664.00,26.00,1556.00
2023,7,NK,Spirit Airlines,BNA,"Nashville, TN: Nashville International",256.00,108.00,37.33,8.28,40.18,0.30,21.91,8.00,0.00,7167.00,2476.00,803.00,2598.00,30.00,1260.00
2023,7,OH,PSA Airlines Inc.,BNA,"Nashville, TN: Nashville International",290.00,85.00,20.85,3.45,31.99,1.19,27.52,12.00,0.00,6396.00,1509.00,340.00,1409.00,28.00,3110.00
2023,7,OO,SkyWest Airlines Inc.,BNA,"Nashville, TN: Nashville International",187.00,55.00,33.27,8.95,6.36,0.00,6.42,10.00,0.00,5149.00,2889.00,1052.00,695.00,0.00,513.00
2023,7,PT,Piedmont Airlines,BNA,"Nashville, TN: Nashville International",1.00,1.00,0.00,0.00,1.00,0.00,0.00,0.00,0.00,24.00,0.00,0.00,24.00,0.00,0.00
2023,7,UA,United Air Lines Network,BNA,"Nashville, TN: Nashville International",604.00,235.00,91.95,10.76,47.09,0.00,85.19,34.00,4.00,18176.00,6331.00,1345.00,2242.00,0.00,8258.00
2023,7,WN,Southwest Airlines,BNA,"Nashville, TN: Nashville International",4177.00,1136.00,293.85,37.93,174.54,6.81,622.88,29.00,9.00,68491.00,16615.00,3395.00,8468.00,307.00,39706.00
2023,7,YV,Mesa Airlines Inc.,BNA,"Nashville, TN: Nashville International",66.00,25.00,9.45,3.59,7.49,0.00,4.47,0.00,0.00,1989.00,731.00,194.00,388.00,0.00,676.00
2023,7,YX,Republic Airline,BNA,"Nashville, TN: Nashville International",350.00,83.00,20.69,1.69,35.87,0.18,24.57,27.00,1.00,5622.00,1585.00,170.00,2192.00,5.00,1670.00
2023,6,9E,Endeavor Air Inc.,BNA,"Nashville, TN: Nashville International",77.00,13.00,1.59,0.12,10.02,0.00,1.27,2.00,0.00,944.00,206.00,21.00,560.00,0.00,157.00
2023,6,AA,American Airlines Network,BNA,"Nashville, TN: Nashville International",687.00,234.00,67.17,14.91,58.08,0.29,93.56,10.00,4.00,20855.00,6138.00,1252.00,3315.00,10.00,10140.00
2023,6,AS,Alaska Airlines Network,BNA,"Nashville, TN: Nashville International",70.00,25.00,6.73,0.00,11.75,0.50,6.02,0.00,1.00,800.00,290.00,0.00,322.00,20.00,168.00
2023,6,B6,JetBlue Airways,BNA,"Nashville, TN: Nashville International",186.00,76.00,32.43,5.19,22.67,0.99,14.71,10.00,3.00,7351.00,3772.00,696.00,1498.00,45.00,1340.00
2023,6,DL,Delta Air Lines Network,BNA,"Nashville, TN: Nashville International",705.00,181.00,92.90,3.91,37.32,0.00,46.86,5.00,4.00,11443.00,6711.00,221.00,1902.00,0.00,2609.00
2023,6,F9,Frontier Airlines,BNA,"Nashville, TN: Nashville International",82.00,24.00,6.12,0.95,7.52,0.00,9.40,3.00,0.00,1420.00,328.00,81.00,411.00,0.00,600.00
2023,6,G4,Allegiant Air,BNA,"Nashville, TN: Nashville International",341.00,112.00,39.45,6.14,17.65,0.00,48.76,1.00,1.00,9363.00,2911.00,540.00,2084.00,0.00,3828.00
2023,6,G7,GoJet Airlines LLC d/b/a United Express,BNA,"Nashville, TN: Nashville International",20.00,1.00,0.00,0.00,0.00,0.00,1.00,0.00,0.00,28.00,0.00,0.00,0.00,0.00,28.00
2023,6,MQ,Envoy Air,BNA,"Nashville, TN: Nashville International",232.00,51.00,14.67,2.74,18.65,0.00,14.93,1.00,2.00,4731.00,2328.00,154.00,1195.00,0.00,1054.00
2023,6,NK,Spirit Airlines,BNA,"Nashville, TN: Nashville International",281.00,99.00,35.74,5.32,35.82,0.13,21.99,10.00,3.00,8976.00,3207.00,576.00,3100.00,24.00,2069.00
2023,6,OH,PSA Airlines Inc.,BNA,"Nashville, TN: Nashville International",299.00,61.00,13.88,3.18,25.07,0.93,17.94,4.00,2.00,3729.00,670.00,408.00,919.00,29.00,1703.00
2023,6,OO,SkyWest Airlines Inc.,BNA,"Nashville, TN: Nashville International",184.00,39.00,20.00,5.00,5.00,0.00,9.00,5.00,2.00,2365.00,941.00,438.00,498.00,0.00,488.00
2023,6,PT,Piedmont Airlines,BNA,"Nashville, TN: Nashville International",4.00,2.00,1.00,0.00,1.00,0.00,0.00,0.00,0.00,62.00,21.00,0.00,41.00,0.00,0.00
2023,6,UA,United Air Lines Network,BNA,"Nashville, TN: Nashville International",563.00,197.00,82.54,3.38,49.75,0.00,61.32,38.00,6.00,15072.00,7454.00,295.00,2175.00,0.00,5148.00
2023,6,WN,Southwest Airlines,BNA,"Nashville, TN: Nashville International",3947.00,1081.00,277.35,30.23,182.95,5.58,584.89,20.00,20.00,60937.00,14321.00,2163.00,10235.00,193.00,34025.00
2023,6,YV,Mesa Airlines Inc.,BNA,"Nashville, TN: Nashville International",64.00,22.00,8.88,3.32,4.36,0.00,5.44,0.00,1.00,1700.00,684.00,337.00,202.00,0.00,477.00
2023,6,YX,Republic Airline,BNA,"Nashville, TN: Nashville International",330.00,43.00,11.91,1.11,17.36,0.00,12.63,15.00,0.00,3408.00,1346.00,46.00,1054.00,0.00,962.00
2023,5,9E,Endeavor Air Inc.,BNA,"Nashville, TN: Nashville International",40.00,8.00,2.77,0.00,4.23,0.00,1.00,0.00,0.00,353.00,163.00,0.00,96.00,0.00,94.00
2023,5,AA,American Airlines Network,BNA,"Nashville, TN: Nashville International",734.00,201.00,75.95,6.29,53.26,0.56,64.95,3.00,1.00,12688.00,4662.00,631.00,3176.00,20.00,4199.00
2023,5,AS,Alaska Airlines Network,BNA,"Nashville, TN: Nashville International",62.00,29.00,5.06,0.00,20.65,0.00,3.30,0.00,0.00,907.00,215.00,0.00,579.00,0.00,113.00
2023,5,B6,JetBlue Airways,BNA,"Nashville, TN: Nashville International",239.00,70.00,31.06,2.04,18.09,0.00,18.81,2.00,1.00,6068.00,2493.00,171.00,1253.00,0.00,2151.00
2023,5,DL,Delta Air Lines Network,BNA,"Nashville, TN: Nashville International",696.00,78.00,39.45,0.31,19.19,0.00,19.05,5.00,5.00,4118.00,1995.00,33.00,1042.00,0.00,1048.00
2023,5,F9,Frontier Airlines,BNA,"Nashville, TN: Nashville International",82.00,27.00,7.49,0.84,9.80,0.00,8.88,1.00,0.00,1375.00,448.00,82.00,440.00,0.00,405.00
2023,5,G4,Allegiant Air,BNA,"Nashville, TN: Nashville International",381.00,72.00,23.67,3.92,14.23,0.00,30.19,2.00,2.00,6215.00,2701.00,177.00,727.00,0.00,2610.00
2023,5,MQ,Envoy Air,BNA,"Nashville, TN: Nashville International",206.00,27.00,11.11,0.07,8.29,0.00,7.53,1.00,0.00,1410.00,559.00,5.00,511.00,0.00,335.00
2023,5,NK,Spirit Airlines,BNA,"Nashville, TN: Nashville International",298.00,54.00,23.28,2.27,15.44,0.84,12.17,3.00,2.00,4178.00,2283.00,178.00,729.00,63.00,925.00
2023,5,OH,PSA Airlines Inc.,BNA,"Nashville, TN: Nashville International",193.00,21.00,6.86,0.00,11.25,0.18,2.72,0.00,0.00,756.00,253.00,0.00,284.00,10.00,209.00
2023,5,OO,SkyWest Airlines Inc.,BNA,"Nashville, TN: Nashville International",239.00,39.00,28.00,4.00,2.00,0.00,5.00,3.00,0.00,2765.00,1459.00,373.00,736.00,0.00,197.00
2023,5,UA,United Air Lines Network,BNA,"Nashville, TN: Nashville International",630.00,129.00,46.96,5.99,32.69,0.00,43.36,6.00,1.00,7606.00,2276.00,568.00,1645.00,0.00,3117.00
2023,5,WN,Southwest Airlines,BNA,"Nashville, TN: Nashville International",4016.00,705.00,217.08,18.50,102.38,0.00,367.04,23.00,10.00,33215.00,8907.00,2003.00,6237.00,0.00,16068.00
2023,5,YV,Mesa Airlines Inc.,BNA,"Nashville, TN: Nashville International",35.00,12.00,9.40,0.00,0.74,0.00,1.86,1.00,0.00,994.00,834.00,0.00,49.00,0.00,111.00
2023,5,YX,Republic Airline,BNA,"Nashville, TN: Nashville International",434.00,44.00,14.27,0.00,17.83,0.00,11.90,0.00,1.00,2232.00,687.00,0.00,801.00,0.00,744.00
2023,4,9E,Endeavor Air Inc.,BNA,"Nashville, TN: Nashville International",16.00,3.00,0.50,0.00,1.50,0.00,1.00,0.00,0.00,120.00,9.00,0.00,32.00,0.00,79.00
2023,4,AA,American Airlines Network,BNA,"Nashville, TN: Nashville International",685.00,211.00,67.53,5.69,45.14,0.13,92.50,13.00,0.00,14649.00,4900.00,333.00,2321.00,18.00,7077.00
2023,4,AS,Alaska Airlines Network,BNA,"Nashville, TN: Nashville International",60.00,23.00,5.37,0.00,14.42,0.00,3.21,0.00,0.00,710.00,220.00,0.00,422.00,0.00,68.00
2023,4,B6,JetBlue Airways,BNA,"Nashville, TN: Nashville International",205.00,62.00,22.52,0.23,16.94,0.00,22.31,9.00,0.00,3886.00,1491.00,43.00,837.00,0.00,1515.00
2023,4,DL,Delta Air Lines Network,BNA,"Nashville, TN: Nashville International",661.00,115.00,65.28,4.15,25.83,0.00,19.74,9.00,0.00,5710.00,3745.00,229.00,822.00,0.00,914.00
2023,4,F9,Frontier Airlines,BNA,"Nashville, TN: Nashville International",100.00,38.00,7.36,0.96,11.18,0.00,18.50,0.00,0.00,2268.00,376.00,43.00,502.00,0.00,1347.00
2023,4,G4,Allegiant Air,BNA,"Nashville, TN: Nashville International",378.00,90.00,21.50,6.09,25.76,0.00,36.65,1.00,0.00,6484.00,1857.00,358.00,1898.00,0.00,2371.00
2023,4,MQ,Envoy Air,BNA,"Nashville, TN: Nashville International",191.00,39.00,6.43,3.05,12.82,0.00,16.70,3.00,0.00,2305.00,208.00,237.00,521.00,0.00,1339.00
2023,4,NK,Spirit Airlines,BNA,"Nashville, TN: Nashville International",270.00,100.00,40.84,3.79,32.86,1.86,20.66,9.00,0.00,6865.00,2562.00,164.00,2216.00,74.00,1849.00
2023,4,OH,PSA Airlines Inc.,BNA,"Nashville, TN: Nashville International",220.00,37.00,9.31,0.83,17.49,0.00,9.37,2.00,2.00,1755.00,407.00,30.00,645.00,0.00,673.00
2023,4,OO,SkyWest Airlines Inc.,BNA,"Nashville, TN: Nashville International",231.00,50.00,30.00,11.00,2.00,1.00,6.00,4.00,0.00,4942.00,1956.00,1989.00,576.00,23.00,398.00
2023,4,UA,United Air Lines Network,BNA,"Nashville, TN: Nashville International",535.00,148.00,56.48,3.75,40.64,0.00,47.13,11.00,0.00,9899.00,3533.00,596.00,1389.00,0.00,4381.00
2023,4,WN,Southwest Airlines,BNA,"Nashville, TN: Nashville International",3820.00,897.00,270.60,6.31,138.57,8.45,473.07,20.00,7.00,47366.00,14500.00,551.00,5817.00,753.00,25745.00
2023,4,YV,Mesa Airlines Inc.,BNA,"Nashville, TN: Nashville International",59.00,19.00,9.66,0.70,1.77,0.00,6.87,0.00,0.00,1669.00,616.00,279.00,119.00,0.00,655.00
2023,4,YX,Republic Airline,BNA,"Nashville, TN: Nashville International",411.00,56.00,12.21,1.58,21.56,0.00,20.65,7.00,0.00,3569.00,735.00,128.00,998.00,0.00,1708.00
2023,3,9E,Endeavor Air Inc.,BNA,"Nashville, TN: Nashville International",58.00,14.00,2.88,0.00,6.60,0.00,4.53,1.00,0.00,653.00,231.00,0.00,207.00,0.00,215.00
2023,3,AA,American Airlines Network,BNA,"Nashville, TN: Nashville International",626.00,174.00,52.79,3.30,32.74,0.34,84.82,9.00,4.00,12823.00,3605.00,218.00,1819.00,16.00,7165.00
2023,3,AS,Alaska Airlines Network,BNA,"Nashville, TN: Nashville International",57.00,17.00,3.61,0.00,8.25,0.70,4.44,0.00,1.00,738.00,213.00,0.00,271.00,22.00,232.00
2023,3,B6,JetBlue Airways,BNA,"Nashville, TN: Nashville International",238.00,93.00,29.74,0.88,34.31,0.00,28.07,4.00,1.00,6415.00,2222.00,138.00,1778.00,0.00,2277.00
2023,3,C5,CommuteAir LLC dba CommuteAir,BNA,"Nashville, TN: Nashville International",4.00,1.00,0.93,0.00,0.07,0.00,0.00,0.00,0.00,112.00,104.00,0.00,8.00,0.00,0.00
2023,3,DL,Delta Air Lines Network,BNA,"Nashville, TN: Nashville International",703.00,140.00,71.61,8.21,35.36,0.00,24.82,18.00,3.00,8510.00,4769.00,771.00,1436.00,0.00,1534.00
2023,3,F9,Frontier Airlines,BNA,"Nashville, TN: Nashville International",106.00,40.00,13.51,0.00,15.36,0.00,11.13,1.00,0.00,2413.00,710.00,0.00,741.00,0.00,962.00
2023,3,G4,Allegiant Air,BNA,"Nashville, TN: Nashville International",392.00,150.00,24.40,12.50,42.16,0.00,70.95,5.00,2.00,11198.00,1255.00,3232.00,1870.00,0.00,4841.00
2023,3,G7,GoJet Airlines LLC d/b/a United Express,BNA,"Nashville, TN: Nashville International",23.00,4.00,1.00,0.00,3.00,0.00,0.00,0.00,0.00,89.00,17.00,0.00,72.00,0.00,0.00
2023,3,MQ,Envoy Air,BNA,"Nashville, TN: Nashville International",238.00,61.00,16.19,1.95,23.80,0.00,19.06,2.00,2.00,2703.00,803.00,124.00,760.00,0.00,1016.00
2023,3,NK,Spirit Airlines,BNA,"Nashville, TN: Nashville International",255.00,77.00,30.36,0.95,28.71,1.04,15.94,5.00,2.00,5886.00,1705.00,113.00,2505.00,23.00,1540.00
2023,3,OH,PSA Airlines Inc.,BNA,"Nashville, TN: Nashville International",252.00,39.00,11.09,2.23,15.84,1.18,8.67,2.00,3.00,2436.00,766.00,364.00,551.00,89.00,666.00
2023,3,OO,SkyWest Airlines Inc.,BNA,"Nashville, TN: Nashville International",208.00,56.00,38.00,10.00,1.00,0.00,7.00,2.00,0.00,3477.00,1824.00,1251.00,159.00,0.00,243.00
2023,3,UA,United Air Lines Network,BNA,"Nashville, TN: Nashville International",562.00,147.00,57.06,0.90,43.21,0.00,45.83,4.00,2.00,8428.00,2804.00,88.00,2534.00,0.00,3002.00
2023,3,WN,Southwest Airlines,BNA,"Nashville, TN: Nashville International",3937.00,723.00,221.11,6.07,99.65,3.85,392.32,59.00,23.00,33648.00,9652.00,569.00,4357.00,302.00,18768.00
2023,3,YV,Mesa Airlines Inc.,BNA,"Nashville, TN: Nashville International",35.00,8.00,4.40,0.00,3.51,0.00,0.09,0.00,1.00,365.00,205.00,0.00,158.00,0.00,2.00
2023,3,YX,Republic Airline,BNA,"Nashville, TN: Nashville International",374.00,59.00,19.60,0.00,29.70,0.00,9.69,6.00,4.00,3050.00,1255.00,0.00,945.00,0.00,850.00
2023,2,9E,Endeavor Air Inc.,BNA,"Nashville, TN: Nashville International",53.00,7.00,3.30,0.00,0.04,0.00,3.67,0.00,0.00,360.00,115.00,0.00,4.00,0.00,241.00
2023,2,AA,American Airlines Network,BNA,"Nashville, TN: Nashville International",544.00,118.00,30.07,4.66,14.94,0.05,68.28,12.00,1.00,7741.00,1708.00,336.00,632.00,14.00,5051.00
2023,2,AS,Alaska Airlines Network,BNA,"Nashville, TN: Nashville International",49.00,8.00,2.78,0.00,1.65,0.00,3.57,0.00,0.00,383.00,214.00,0.00,55.00,0.00,114.00
2023,2,B6,JetBlue Airways,BNA,"Nashville, TN: Nashville International",186.00,58.00,19.55,0.74,25.12,0.38,12.21,5.00,0.00,4033.00,1678.00,115.00,1293.00,10.00,937.00
2023,2,DL,Delta Air Lines Network,BNA,"Nashville, TN: Nashville International",585.00,115.00,59.99,3.90,28.32,0.00,22.78,7.00,1.00,6961.00,4660.00,347.00,991.00,0.00,963.00
2023,2,F9,Frontier Airlines,BNA,"Nashville, TN: Nashville International",93.00,32.00,9.19,0.48,13.14,0.00,9.19,0.00,0.00,1971.00,479.00,85.00,743.00,0.00,664.00
2023,2,G4,Allegiant Air,BNA,"Nashville, TN: Nashville International",352.00,98.00,20.04,1.77,21.02,0.00,55.18,4.00,2.00,8659.00,2116.00,359.00,1036.00,0.00,5148.00
2023,2,G7,GoJet Airlines LLC d/b/a United Express,BNA,"Nashville, TN: Nashville International",8.00,1.00,0.00,0.00,1.00,0.00,0.00,0.00,0.00,23.00,0.00,0.00,23.00,0.00,0.00
2023,2,MQ,Envoy Air,BNA,"Nashville, TN: Nashville International",221.00,45.00,13.02,0.73,16.96,0.00,14.29,4.00,0.00,2013.00,537.00,52.00,612.00,0.00,812.00
2023,2,NK,Spirit Airlines,BNA,"Nashville, TN: Nashville International",208.00,42.00,16.77,0.93,19.92,0.00,4.38,1.00,0.00,1991.00,838.00,89.00,830.00,0.00,234.00
2023,2,OH,PSA Airlines Inc.,BNA,"Nashville, TN: Nashville International",302.00,33.00,12.65,0.00,15.06,0.00,5.29,0.00,1.00,1278.00,556.00,0.00,387.00,0.00,335.00
2023,2,OO,SkyWest Airlines Inc.,BNA,"Nashville, TN: Nashville International",155.00,26.00,17.00,3.00,1.00,0.00,5.00,2.00,0.00,1647.00,961.00,130.00,105.00,0.00,451.00
2023,2,UA,United Air Lines Network,BNA,"Nashville, TN: Nashville International",482.00,95.00,31.78,0.65,27.98,0.00,34.58,1.00,0.00,5590.00,2479.00,32.00,1054.00,0.00,2025.00
2023,2,WN,Southwest Airlines,BNA,"Nashville, TN: Nashville International",3423.00,377.00,143.07,1.02,56.09,0.84,175.99,61.00,1.00,16450.00,6589.00,140.00,1818.00,15.00,7888.00
2023,2,YV,Mesa Airlines Inc.,BNA,"Nashville, TN: Nashville International",15.00,2.00,1.32,0.00,0.68,0.00,0.00,0.00,0.00,56.00,33.00,0.00,23.00,0.00,0.00
2023,2,YX,Republic Airline,BNA,"Nashville, TN: Nashville International",318.00,40.00,10.19,0.61,20.36,0.00,8.84,2.00,0.00,1603.00,507.00,83.00,583.00,0.00,430.00
2023,1,9E,Endeavor Air Inc.,BNA,"Nashville, TN: Nashville International",72.00,19.00,7.18,0.85,3.25,0.00,7.72,1.00,1.00,1993.00,479.00,724.00,298.00,0.00,492.00
2023,1,AA,American Airlines Network,BNA,"Nashville, TN: Nashville International",622.00,142.00,45.98,2.90,41.61,1.19,50.32,9.00,1.00,8722.00,2549.00,456.00,1788.00,38.00,3891.00
2023,1,AS,Alaska Airlines Network,BNA,"Nashville, TN: Nashville International",52.00,13.00,6.63,0.00,2.56,0.00,3.81,1.00,0.00,630.00,421.00,0.00,99.00,0.00,110.00
2023,1,B6,JetBlue Airways,BNA,"Nashville, TN: Nashville International",176.00,37.00,17.57,0.00,4.43,0.00,15.01,3.00,1.00,2649.00,1304.00,0.00,256.00,0.00,1089.00
2023,1,DL,Delta Air Lines Network,BNA,"Nashville, TN: Nashville International",665.00,124.00,55.74,5.60,33.53,0.00,29.12,4.00,1.00,8898.00,4367.00,1418.00,1345.00,0.00,1768.00
2023,1,F9,Frontier Airlines,BNA,"Nashville, TN: Nashville International",97.00,30.00,9.62,0.60,6.10,0.00,13.68,6.00,0.00,2283.00,810.00,63.00,302.00,0.00,1108.00
2023,1,G4,Allegiant Air,BNA,"Nashville, TN: Nashville International",398.00,99.00,19.00,1.15,29.77,0.00,49.07,3.00,1.00,6246.00,1017.00,94.00,1363.00,0.00,3772.00
2023,1,G7,GoJet Airlines LLC d/b/a United Express,BNA,"Nashville, TN: Nashville International",28.00,12.00,2.89,0.00,6.28,0.00,2.83,0.00,0.00,761.00,184.00,0.00,299.00,0.00,278.00
2023,1,MQ,Envoy Air,BNA,"Nashville, TN: Nashville International",275.00,71.00,9.29,5.47,33.24,0.00,23.00,9.00,0.00,3424.00,382.00,214.00,1357.00,0.00,1471.00
2023,1,NK,Spirit Airlines,BNA,"Nashville, TN: Nashville International",241.00,59.00,25.76,0.24,22.39,0.64,9.97,4.00,1.00,2781.00,1152.00,15.00,1126.00,30.00,458.00
2023,1,OH,PSA Airlines Inc.,BNA,"Nashville, TN: Nashville International",243.00,29.00,7.42,0.47,12.05,0.00,9.06,2.00,0.00,1829.00,416.00,101.00,710.00,0.00,602.00
2023,1,OO,SkyWest Airlines Inc.,BNA,"Nashville, TN: Nashville International",163.00,46.00,27.00,8.00,1.00,1.00,9.00,5.00,0.00,4142.00,1960.00,411.00,37.00,54.00,1680.00
2023,1,UA,United Air Lines Network,BNA,"Nashville, TN: Nashville International",513.00,103.00,32.74,0.58,28.00,0.00,41.69,0.00,0.00,7134.00,1796.00,22.00,963.00,0.00,4353.00
2023,1,WN,Southwest Airlines,BNA,"Nashville, TN: Nashville International",3789.00,609.00,216.81,6.65,88.93,2.86,293.74,114.00,1.00,37097.00,14372.00,489.00,3621.00,75.00,18540.00
2023,1,YV,Mesa Airlines Inc.,BNA,"Nashville, TN: Nashville International",37.00,9.00,3.35,0.00,3.72,0.00,1.93,0.00,0.00,536.00,138.00,0.00,132.00,0.00,266.00
2023,1,YX,Republic Airline,BNA,"Nashville, TN: Nashville International",285.00,35.00,3.93,0.00,20.71,0.00,10.36,3.00,1.00,1566.00,183.00,0.00,804.00,0.00,579.00
2022,12,9E,Endeavor Air Inc.,BNA,"Nashville, TN: Nashville International",175.00,26.00,11.07,0.00,6.42,0.00,8.51,8.00,0.00,1292.00,566.00,0.00,269.00,0.00,457.00
2022,12,AA,American Airlines Network,BNA,"Nashville, TN: Nashville International",664.00,213.00,62.24,8.12,46.02,0.15,96.48,20.00,1.00,13935.00,4172.00,510.00,2385.00,16.00,6852.00
2022,12,AS,Alaska Airlines Network,BNA,"Nashville, TN: Nashville International",58.00,20.00,5.27,0.73,5.10,0.00,8.90,3.00,0.00,1884.00,810.00,164.00,174.00,0.00,736.00
2022,12,B6,JetBlue Airways,BNA,"Nashville, TN: Nashville International",214.00,82.00,35.49,1.70,25.84,0.00,18.96,3.00,1.00,6046.00,2551.00,462.00,1490.00,0.00,1543.00
2022,12,DL,Delta Air Lines Network,BNA,"Nashville, TN: Nashville International",693.00,134.00,65.01,4.11,31.68,0.39,32.81,13.00,0.00,8169.00,4644.00,444.00,1168.00,129.00,1784.00
2022,12,F9,Frontier Airlines,BNA,"Nashville, TN: Nashville International",95.00,32.00,9.48,1.26,6.62,0.00,14.65,5.00,0.00,2599.00,623.00,194.00,318.00,0.00,1464.00
2022,12,G4,Allegiant Air,BNA,"Nashville, TN: Nashville International",222.00,86.00,28.11,2.05,16.16,0.00,39.68,17.00,0.00,7155.00,2174.00,148.00,1015.00,0.00,3818.00
2022,12,G7,GoJet Airlines LLC d/b/a United Express,BNA,"Nashville, TN: Nashville International",28.00,1.00,0.55,0.00,0.00,0.00,0.45,0.00,0.00,139.00,76.00,0.00,0.00,0.00,63.00
2022,12,MQ,Envoy Air,BNA,"Nashville, TN: Nashville International",233.00,59.00,13.57,3.75,18.41,0.00,23.27,10.00,0.00,4552.00,744.00,503.00,1044.00,0.00,2261.00
2022,12,NK,Spirit Airlines,BNA,"Nashville, TN: Nashville International",239.00,61.00,27.65,1.50,23.15,0.01,8.69,12.00,0.00,4776.00,2204.00,119.00,1568.00,2.00,883.00
2022,12,OH,PSA Airlines Inc.,BNA,"Nashville, TN: Nashville International",195.00,35.00,14.06,0.00,16.37,0.25,4.32,2.00,0.00,1818.00,708.00,0.00,881.00,11.00,218.00
2022,12,OO,SkyWest Airlines Inc.,BNA,"Nashville, TN: Nashville International",257.00,70.00,41.00,16.00,0.00,0.00,13.00,2.00,0.00,5381.00,2427.00,2106.00,0.00,0.00,848.00
2022,12,UA,United Air Lines Network,BNA,"Nashville, TN: Nashville International",432.00,96.00,35.82,1.76,13.49,0.00,44.92,13.00,0.00,6845.00,2258.00,79.00,588.00,0.00,3920.00
2022,12,WN,Southwest Airlines,BNA,"Nashville, TN: Nashville International",3842.00,724.00,270.71,7.43,87.16,3.71,354.99,635.00,9.00,50832.00,18239.00,605.00,5500.00,306.00,26182.00
2022,12,YV,Mesa Airlines Inc.,BNA,"Nashville, TN: Nashville International",33.00,5.00,2.00,0.00,2.00,1.00,0.00,0.00,0.00,166.00,44.00,0.00,104.00,18.00,0.00
2022,12,YX,Republic Airline,BNA,"Nashville, TN: Nashville International",275.00,40.00,11.04,0.00,20.27,0.00,8.69,4.00,2.00,2418.00,699.00,0.00,1192.00,0.00,527.00
2022,12,ZW,Air Wisconsin Airlines Corp,BNA,"Nashville, TN: Nashville International",3.00,0.00,0.00,0.00,0.00,0.00,0.00,1.00,0.00,0.00,0.00,0.00,0.00,0.00,0.00
2022,11,9E,Endeavor Air Inc.,BNA,"Nashville, TN: Nashville International",220.00,42.00,11.50,0.00,19.46,0.00,11.04,3.00,0.00,2640.00,715.00,0.00,712.00,0.00,1213.00
2022,11,AA,American Airlines Network,BNA,"Nashville, TN: Nashville International",711.00,148.00,55.00,2.47,30.50,0.06,59.97,8.00,0.00,9458.00,3258.00,91.00,1051.00,3.00,5055.00
2022,11,AS,Alaska Airlines Network,BNA,"Nashville, TN: Nashville International",59.00,18.00,3.39,1.00,5.04,0.00,8.57,0.00,0.00,1063.00,136.00,364.00,190.00,0.00,373.00
2022,11,B6,JetBlue Airways,BNA,"Nashville, TN: Nashville International",213.00,78.00,27.45,0.12,27.47,0.00,22.97,2.00,1.00,5276.00,1922.00,14.00,1028.00,0.00,2312.00
2022,11,DL,Delta Air Lines Network,BNA,"Nashville, TN: Nashville International",748.00,106.00,49.59,2.30,41.64,0.00,12.46,4.00,1.00,5407.00,3247.00,117.00,1337.00,0.00,706.00
2022,11,F9,Frontier Airlines,BNA,"Nashville, TN: Nashville International",97.00,33.00,12.07,0.00,7.07,0.00,13.86,3.00,0.00,2279.00,696.00,0.00,273.00,0.00,1310.00
2022,11,G4,Allegiant Air,BNA,"Nashville, TN: Nashville International",176.00,61.00,14.50,1.66,15.96,0.56,28.32,2.00,0.00,3438.00,949.00,59.00,727.00,10.00,1693.00
2022,11,G7,GoJet Airlines LLC d/b/a United Express,BNA,"Nashville, TN: Nashville International",28.00,3.00,0.80,0.00,2.20,0.00,0.00,0.00,1.00,129.00,33.00,0.00,96.00,0.00,0.00
2022,11,MQ,Envoy Air,BNA,"Nashville, TN: Nashville International",166.00,28.00,5.88,0.36,7.11,0.00,14.65,1.00,0.00,1458.00,266.00,37.00,236.00,0.00,919.00
2022,11,NK,Spirit Airlines,BNA,"Nashville, TN: Nashville International",242.00,41.00,14.49,0.23,11.35,0.23,14.71,7.00,0.00,3371.00,1754.00,14.00,440.00,18.00,1145.00
2022,11,OH,PSA Airlines Inc.,BNA,"Nashville, TN: Nashville International",118.00,21.00,6.46,0.00,2.77,0.00,11.76,3.00,0.00,732.00,262.00,0.00,75.00,0.00,395.00
2022,11,OO,SkyWest Airlines Inc.,BNA,"Nashville, TN: Nashville International",269.00,45.00,26.00,7.00,3.00,0.00,9.00,3.00,1.00,2693.00,1221.00,623.00,203.00,0.00,646.00
2022,11,UA,United Air Lines Network,BNA,"Nashville, TN: Nashville International",436.00,74.00,25.41,4.75,11.11,0.00,32.73,1.00,0.00,5023.00,1208.00,494.00,397.00,0.00,2924.00
2022,11,WN,Southwest Airlines,BNA,"Nashville, TN: Nashville International",3681.00,540.00,195.65,5.78,76.35,2.84,259.39,22.00,1.00,26238.00,9855.00,315.00,3273.00,87.00,12708.00
2022,11,YV,Mesa Airlines Inc.,BNA,"Nashville, TN: Nashville International",56.00,7.00,5.00,0.00,2.00,0.00,0.00,0.00,0.00,294.00,244.00,0.00,50.00,0.00,0.00
2022,11,YX,Republic Airline,BNA,"Nashville, TN: Nashville International",327.00,43.00,14.16,0.66,18.22,0.00,9.96,0.00,0.00,1817.00,770.00,50.00,539.00,0.00,458.00
2022,10,9E,Endeavor Air Inc.,BNA,"Nashville, TN: Nashville International",238.00,40.00,14.37,1.60,12.47,0.00,11.55,6.00,1.00,2347.00,641.00,108.00,442.00,0.00,1156.00
2022,10,AA,American Airlines Network,BNA,"Nashville, TN: Nashville International",766.00,150.00,61.21,3.42,22.49,0.00,62.88,4.00,0.00,12975.00,4941.00,677.00,867.00,0.00,6490.00
2022,10,AS,Alaska Airlines Network,BNA,"Nashville, TN: Nashville International",62.00,12.00,4.08,0.00,6.16,0.00,1.76,0.00,0.00,280.00,107.00,0.00,142.00,0.00,31.00
2022,10,B6,JetBlue Airways,BNA,"Nashville, TN: Nashville International",228.00,82.00,35.11,0.00,28.30,0.00,18.58,3.00,2.00,4872.00,2191.00,0.00,1121.00,0.00,1560.00
2022,10,DL,Delta Air Lines Network,BNA,"Nashville, TN: Nashville International",743.00,66.00,42.53,0.89,15.42,0.00,7.16,1.00,2.00,4065.00,3043.00,17.00,507.00,0.00,498.00
2022,10,F9,Frontier Airlines,BNA,"Nashville, TN: Nashville International",118.00,34.00,14.04,0.00,9.95,0.00,10.01,1.00,0.00,2190.00,1062.00,0.00,390.00,0.00,738.00
2022,10,G4,Allegiant Air,BNA,"Nashville, TN: Nashville International",206.00,35.00,9.92,0.85,6.56,0.00,17.68,1.00,0.00,1283.00,363.00,23.00,201.00,0.00,696.00
2022,10,MQ,Envoy Air,BNA,"Nashville, TN: Nashville International",176.00,16.00,6.38,0.00,3.94,0.00,5.68,0.00,1.00,925.00,529.00,0.00,129.00,0.00,267.00
2022,10,NK,Spirit Airlines,BNA,"Nashville, TN: Nashville International",295.00,58.00,18.83,0.90,28.37,0.47,9.44,7.00,0.00,2071.00,589.00,45.00,941.00,7.00,489.00
2022,10,OH,PSA Airlines Inc.,BNA,"Nashville, TN: Nashville International",131.00,10.00,3.87,0.00,3.70,1.00,1.44,1.00,0.00,406.00,186.00,0.00,141.00,35.00,44.00
2022,10,OO,SkyWest Airlines Inc.,BNA,"Nashville, TN: Nashville International",276.00,23.00,21.00,1.00,0.00,0.00,1.00,0.00,0.00,899.00,833.00,43.00,0.00,0.00,23.00
2022,10,UA,United Air Lines Network,BNA,"Nashville, TN: Nashville International",388.00,49.00,21.82,0.00,9.86,0.00,17.32,2.00,1.00,3110.00,1308.00,0.00,407.00,0.00,1395.00
2022,10,WN,Southwest Airlines,BNA,"Nashville, TN: Nashville International",4012.00,623.00,268.26,3.99,57.76,2.73,290.26,29.00,2.00,28703.00,11996.00,365.00,2071.00,109.00,14162.00
2022,10,YV,Mesa Airlines Inc.,BNA,"Nashville, TN: Nashville International",110.00,10.00,5.00,0.00,5.00,0.00,0.00,0.00,0.00,509.00,403.00,0.00,106.00,0.00,0.00
2022,10,YX,Republic Airline,BNA,"Nashville, TN: Nashville International",340.00,45.00,11.24,0.05,13.47,0.00,20.24,0.00,0.00,2891.00,542.00,1.00,713.00,0.00,1635.00
2022,9,9E,Endeavor Air Inc.,BNA,"Nashville, TN: Nashville International",247.00,37.00,10.71,1.32,16.25,0.00,8.72,3.00,1.00,1962.00,859.00,86.00,552.00,0.00,465.00
2022,9,AA,American Airlines Network,BNA,"Nashville, TN: Nashville International",649.00,142.00,52.73,4.87,28.96,1.23,54.21,6.00,1.00,8212.00,3820.00,291.00,1128.00,60.00,2913.00
2022,9,AS,Alaska Airlines Network,BNA,"Nashville, TN: Nashville International",60.00,14.00,5.65,0.00,6.69,0.00,1.66,0.00,0.00,519.00,259.00,0.00,178.00,0.00,82.00
2022,9,B6,JetBlue Airways,BNA,"Nashville, TN: Nashville International",212.00,62.00,28.27,0.00,21.88,0.00,11.84,4.00,0.00,4853.00,2450.00,0.00,1091.00,0.00,1312.00
2022,9,C5,"Commutair Aka Champlain Enterprises, Inc.",BNA,"Nashville, TN: Nashville International",1.00,1.00,1.00,0.00,0.00,0.00,0.00,0.00,0.00,69.00,69.00,0.00,0.00,0.00,0.00
2022,9,DL,Delta Air Lines Network,BNA,"Nashville, TN: Nashville International",726.00,75.00,46.67,0.95,16.76,0.00,10.61,1.00,0.00,3762.00,2785.00,41.00,551.00,0.00,385.00
2022,9,F9,Frontier Airlines,BNA,"Nashville, TN: Nashville International",108.00,21.00,8.72,0.00,9.93,0.00,2.36,2.00,0.00,1147.00,615.00,0.00,366.00,0.00,166.00
2022,9,G4,Allegiant Air,BNA,"Nashville, TN: Nashville International",198.00,43.00,13.67,1.82,9.31,0.00,18.19,6.00,0.00,4132.00,1598.00,163.00,294.00,0.00,2077.00
2022,9,G7,GoJet Airlines LLC d/b/a United Express,BNA,"Nashville, TN: Nashville International",24.00,0.00,0.00,0.00,0.00,0.00,0.00,0.00,0.00,0.00,0.00,0.00,0.00,0.00,0.00
2022,9,MQ,Envoy Air,BNA,"Nashville, TN: Nashville International",208.00,33.00,7.86,0.68,10.33,0.00,14.13,9.00,0.00,1611.00,279.00,105.00,349.00,0.00,878.00
2022,9,NK,Spirit Airlines,BNA,"Nashville, TN: Nashville International",235.00,36.00,5.83,1.97,20.55,0.40,7.26,11.00,0.00,2197.00,483.00,331.00,1043.00,6.00,334.00
2022,9,OH,PSA Airlines Inc.,BNA,"Nashville, TN: Nashville International",80.00,13.00,4.65,0.66,5.54,0.06,2.08,0.00,0.00,585.00,264.00,47.00,202.00,3.00,69.00
2022,9,OO,SkyWest Airlines Inc.,BNA,"Nashville, TN: Nashville International",192.00,18.00,11.00,2.00,0.00,0.00,5.00,0.00,0.00,887.00,466.00,90.00,0.00,0.00,331.00
2022,9,UA,United Air Lines Network,BNA,"Nashville, TN: Nashville International",339.00,52.00,24.45,1.48,10.13,0.00,15.93,0.00,0.00,3315.00,1418.00,347.00,317.00,0.00,1233.00
2022,9,WN,Southwest Airlines,BNA,"Nashville, TN: Nashville International",3845.00,726.00,284.20,15.23,67.57,1.03,357.98,61.00,4.00,34851.00,12751.00,1099.00,2668.00,36.00,18297.00
2022,9,YV,Mesa Airlines Inc.,BNA,"Nashville, TN: Nashville International",109.00,7.00,1.00,0.00,2.00,0.00,4.00,1.00,0.00,355.00,106.00,0.00,52.00,0.00,197.00
2022,9,YX,Republic Airline,BNA,"Nashville, TN: Nashville International",399.00,55.00,10.05,0.01,32.81,1.00,11.12,2.00,0.00,2440.00,387.00,1.00,1113.00,39.00,900.00
2022,8,9E,Endeavor Air Inc.,BNA,"Nashville, TN: Nashville International",204.00,43.00,17.02,0.00,13.71,0.00,12.27,13.00,0.00,2600.00,963.00,0.00,828.00,0.00,809.00
2022,8,AA,American Airlines Network,BNA,"Nashville, TN: Nashville International",607.00,192.00,58.45,8.34,41.61,0.00,83.60,22.00,0.00,12963.00,4307.00,616.00,2253.00,0.00,5787.00
2022,8,AS,Alaska Airlines Network,BNA,"Nashville, TN: Nashville International",62.00,12.00,2.19,0.00,5.46,0.00,4.35,0.00,1.00,330.00,101.00,0.00,121.00,0.00,108.00
2022,8,B6,JetBlue Airways,BNA,"Nashville, TN: Nashville International",204.00,61.00,22.60,2.98,13.17,0.00,22.25,9.00,0.00,5292.00,2161.00,591.00,724.00,0.00,1816.00
2022,8,DL,Delta Air Lines Network,BNA,"Nashville, TN: Nashville International",717.00,117.00,61.16,7.62,24.61,0.00,23.61,3.00,3.00,6807.00,4335.00,331.00,720.00,0.00,1421.00
2022,8,F9,Frontier Airlines,BNA,"Nashville, TN: Nashville International",89.00,19.00,7.77,0.33,4.54,0.00,6.36,0.00,0.00,1354.00,526.00,22.00,257.00,0.00,549.00
2022,8,G4,Allegiant Air,BNA,"Nashville, TN: Nashville International",218.00,76.00,16.80,6.04,15.47,0.00,37.69,4.00,1.00,5849.00,2153.00,502.00,747.00,0.00,2447.00
2022,8,G7,GoJet Airlines LLC d/b/a United Express,BNA,"Nashville, TN: Nashville International",15.00,1.00,1.00,0.00,0.00,0.00,0.00,2.00,0.00,34.00,34.00,0.00,0.00,0.00,0.00
2022,8,MQ,Envoy Air,BNA,"Nashville, TN: Nashville International",225.00,39.00,14.63,1.82,11.82,0.00,10.73,4.00,0.00,2093.00,717.00,165.00,533.00,0.00,678.00
2022,8,NK,Spirit Airlines,BNA,"Nashville, TN: Nashville International",234.00,42.00,13.95,3.70,14.76,1.39,8.21,3.00,0.00,2702.00,1107.00,124.00,790.00,93.00,588.00
2022,8,OH,PSA Airlines Inc.,BNA,"Nashville, TN: Nashville International",103.00,29.00,9.03,0.05,10.14,0.00,9.77,3.00,0.00,1985.00,564.00,4.00,527.00,0.00,890.00
2022,8,OO,SkyWest Airlines Inc.,BNA,"Nashville, TN: Nashville International",263.00,51.00,25.00,6.00,1.00,0.00,19.00,10.00,0.00,4148.00,1574.00,1340.00,16.00,0.00,1218.00
2022,8,UA,United Air Lines Network,BNA,"Nashville, TN: Nashville International",286.00,56.00,20.04,6.10,12.79,0.00,17.08,7.00,2.00,5462.00,2281.00,550.00,565.00,0.00,2066.00
2022,8,WN,Southwest Airlines,BNA,"Nashville, TN: Nashville International",3842.00,1019.00,363.80,18.90,99.10,4.31,532.88,67.00,20.00,62479.00,20342.00,1530.00,4654.00,270.00,35683.00
2022,8,YV,Mesa Airlines Inc.,BNA,"Nashville, TN: Nashville International",95.00,23.00,9.00,3.00,6.00,0.00,5.00,0.00,0.00,1117.00,385.00,159.00,160.00,0.00,413.00
2022,8,YX,Republic Airline,BNA,"Nashville, TN: Nashville International",630.00,107.00,31.03,1.66,47.34,0.00,26.97,37.00,3.00,6570.00,2128.00,206.00,2293.00,0.00,1943.00
2022,7,9E,Endeavor Air Inc.,BNA,"Nashville, TN: Nashville International",214.00,56.00,18.94,2.81,20.68,0.00,13.57,23.00,0.00,3797.00,1286.00,302.00,1125.00,0.00,1084.00
2022,7,AA,American Airlines Network,BNA,"Nashville, TN: Nashville International",519.00,197.00,63.63,6.28,36.29,0.00,90.81,18.00,0.00,14834.00,5910.00,520.00,1436.00,0.00,6968.00
2022,7,AS,Alaska Airlines Network,BNA,"Nashville, TN: Nashville International",59.00,12.00,2.00,0.00,3.77,0.00,6.23,0.00,0.00,328.00,94.00,0.00,96.00,0.00,138.00
2022,7,B6,JetBlue Airways,BNA,"Nashville, TN: Nashville International",191.00,65.00,35.48,1.34,13.51,0.00,14.67,6.00,0.00,4004.00,1918.00,256.00,499.00,0.00,1331.00
2022,7,DL,Delta Air Lines Network,BNA,"Nashville, TN: Nashville International",727.00,143.00,74.25,7.44,24.78,0.73,35.81,3.00,0.00,7896.00,4390.00,402.00,759.00,61.00,2284.00
2022,7,F9,Frontier Airlines,BNA,"Nashville, TN: Nashville International",84.00,24.00,7.42,1.15,7.78,0.00,7.65,0.00,0.00,1183.00,392.00,48.00,363.00,0.00,380.00
2022,7,G4,Allegiant Air,BNA,"Nashville, TN: Nashville International",278.00,148.00,33.23,5.90,23.73,0.00,85.14,6.00,1.00,11492.00,3522.00,185.00,1904.00,0.00,5881.00
2022,7,G7,GoJet Airlines LLC d/b/a United Express,BNA,"Nashville, TN: Nashville International",31.00,7.00,1.81,0.00,3.00,0.00,2.19,0.00,0.00,283.00,78.00,0.00,114.00,0.00,91.00
2022,7,MQ,Envoy Air,BNA,"Nashville, TN: Nashville International",190.00,34.00,8.64,1.33,16.27,0.00,7.76,0.00,1.00,1986.00,510.00,113.00,696.00,0.00,667.00
2022,7,NK,Spirit Airlines,BNA,"Nashville, TN: Nashville International",235.00,37.00,10.32,1.55,18.69,0.00,6.44,0.00,0.00,2225.00,505.00,81.00,1163.00,0.00,476.00
2022,7,OH,PSA Airlines Inc.,BNA,"Nashville, TN: Nashville International",152.00,51.00,16.82,1.15,15.36,0.00,17.68,2.00,2.00,2988.00,997.00,153.00,619.00,0.00,1219.00
2022,7,OO,SkyWest Airlines Inc.,BNA,"Nashville, TN: Nashville International",271.00,58.00,34.00,5.00,1.00,0.00,18.00,4.00,0.00,3324.00,1714.00,360.00,96.00,0.00,1154.00
2022,7,UA,United Air Lines Network,BNA,"Nashville, TN: Nashville International",272.00,51.00,17.21,2.82,12.06,0.00,18.90,3.00,0.00,3863.00,1184.00,309.00,483.00,0.00,1887.00
2022,7,WN,Southwest Airlines,BNA,"Nashville, TN: Nashville International",3812.00,912.00,344.83,17.89,81.09,2.64,465.54,26.00,2.00,47863.00,16106.00,1313.00,3425.00,116.00,26903.00
2022,7,YV,Mesa Airlines Inc.,BNA,"Nashville, TN: Nashville International",75.00,15.00,6.00,3.00,4.00,0.00,2.00,0.00,0.00,1317.00,988.00,111.00,101.00,0.00,117.00
2022,7,YX,Republic Airline,BNA,"Nashville, TN: Nashville International",599.00,145.00,42.04,2.32,53.96,0.00,46.68,15.00,1.00,8692.00,2373.00,238.00,2369.00,0.00,3712.00
2022,6,WN,Southwest Airlines,BNA,"Nashville, TN: Nashville International",3611.00,783.00,289.34,13.81,64.10,0.61,415.14,24.00,5.00,42140.00,13290.00,1349.00,3700.00,28.00,23773.00
2022,6,YV,Mesa Airlines Inc.,BNA,"Nashville, TN: Nashville International",55.00,7.00,4.00,0.00,3.00,0.00,0.00,0.00,0.00,257.00,182.00,0.00,75.00,0.00,0.00
2022,6,YX,Republic Airline,BNA,"Nashville, TN: Nashville International",547.00,119.00,43.88,2.04,38.32,0.00,34.75,36.00,0.00,10448.00,4198.00,474.00,2267.00,0.00,3509.00
2022,6,9E,Endeavor Air Inc.,BNA,"Nashville, TN: Nashville International",142.00,23.00,6.57,0.11,9.49,0.00,6.83,15.00,1.00,1309.00,395.00,16.00,426.00,0.00,472.00
2022,6,AA,American Airlines Network,BNA,"Nashville, TN: Nashville International",512.00,193.00,67.27,9.40,27.29,0.61,88.44,31.00,1.00,13406.00,4138.00,867.00,1258.00,37.00,7106.00
2022,6,AS,Alaska Airlines Network,BNA,"Nashville, TN: Nashville International",60.00,6.00,2.34,0.00,2.24,0.00,1.43,0.00,0.00,231.00,119.00,0.00,75.00,0.00,37.00
2022,6,B6,JetBlue Airways,BNA,"Nashville, TN: Nashville International",204.00,75.00,43.79,1.89,19.72,0.00,9.59,5.00,0.00,5785.00,3568.00,287.00,865.00,0.00,1065.00
2022,6,DL,Delta Air Lines Network,BNA,"Nashville, TN: Nashville International",644.00,113.00,63.27,7.88,16.08,0.00,25.78,28.00,0.00,5897.00,3361.00,345.00,613.00,0.00,1578.00
2022,6,F9,Frontier Airlines,BNA,"Nashville, TN: Nashville International",55.00,18.00,11.09,0.00,4.21,0.00,2.70,0.00,0.00,1131.00,649.00,0.00,201.00,0.00,281.00
2022,6,G4,Allegiant Air,BNA,"Nashville, TN: Nashville International",252.00,97.00,22.57,1.92,17.26,0.00,55.25,8.00,0.00,5456.00,1230.00,162.00,708.00,0.00,3356.00
2022,6,G7,GoJet Airlines LLC d/b/a United Express,BNA,"Nashville, TN: Nashville International",28.00,2.00,1.21,0.00,0.00,0.00,0.79,0.00,1.00,106.00,49.00,0.00,0.00,0.00,57.00
2022,6,MQ,Envoy Air,BNA,"Nashville, TN: Nashville International",170.00,35.00,9.10,1.41,16.07,0.00,8.42,1.00,1.00,2016.00,509.00,107.00,858.00,0.00,542.00
2022,6,NK,Spirit Airlines,BNA,"Nashville, TN: Nashville International",220.00,49.00,8.74,1.81,26.37,0.17,11.90,2.00,0.00,2853.00,348.00,128.00,1915.00,4.00,458.00
2022,6,OH,PSA Airlines Inc.,BNA,"Nashville, TN: Nashville International",155.00,40.00,15.67,1.27,11.07,0.00,11.99,5.00,0.00,2207.00,657.00,118.00,685.00,0.00,747.00
2022,6,OO,SkyWest Airlines Inc.,BNA,"Nashville, TN: Nashville International",338.00,66.00,43.00,4.00,1.00,0.00,18.00,1.00,0.00,3602.00,2207.00,229.00,191.00,0.00,975.00
2022,6,UA,United Air Lines Network,BNA,"Nashville, TN: Nashville International",336.00,84.00,33.06,5.22,18.93,0.00,26.79,18.00,1.00,6872.00,2147.00,919.00,1014.00,0.00,2792.00
2022,5,9E,Endeavor Air Inc.,BNA,"Nashville, TN: Nashville International",172.00,33.00,10.32,0.00,10.08,0.00,12.60,12.00,1.00,2618.00,801.00,0.00,563.00,0.00,1254.00
2022,5,AA,American Airlines Network,BNA,"Nashville, TN: Nashville International",538.00,133.00,39.08,5.84,27.48,0.79,59.80,8.00,0.00,9060.00,2837.00,367.00,1408.00,43.00,4405.00
2022,5,AS,Alaska Airlines Network,BNA,"Nashville, TN: Nashville International",60.00,7.00,2.69,0.00,2.89,0.00,1.42,4.00,0.00,160.00,67.00,0.00,60.00,0.00,33.00
2022,5,B6,JetBlue Airways,BNA,"Nashville, TN: Nashville International",213.00,55.00,28.35,1.49,9.48,0.00,15.68,5.00,1.00,4055.00,1854.00,281.00,544.00,0.00,1376.00
2022,5,DL,Delta Air Lines Network,BNA,"Nashville, TN: Nashville International",488.00,53.00,37.29,0.00,7.47,0.00,8.24,23.00,1.00,3673.00,2951.00,0.00,243.00,0.00,479.00
2022,5,F9,Frontier Airlines,BNA,"Nashville, TN: Nashville International",65.00,18.00,4.93,1.24,4.29,0.00,7.53,2.00,0.00,874.00,143.00,104.00,117.00,0.00,510.00
2022,5,G4,Allegiant Air,BNA,"Nashville, TN: Nashville International",222.00,91.00,24.91,4.30,16.09,0.00,45.70,7.00,1.00,6239.00,1316.00,511.00,787.00,0.00,3625.00
2022,5,MQ,Envoy Air,BNA,"Nashville, TN: Nashville International",264.00,50.00,16.66,1.72,20.14,0.00,11.48,1.00,0.00,2204.00,749.00,85.00,655.00,0.00,715.00
2022,5,NK,Spirit Airlines,BNA,"Nashville, TN: Nashville International",167.00,57.00,12.93,0.38,31.67,1.74,10.28,4.00,0.00,3274.00,637.00,68.00,1843.00,73.00,653.00
2022,5,OH,PSA Airlines Inc.,BNA,"Nashville, TN: Nashville International",252.00,46.00,19.32,3.14,9.09,0.65,13.81,5.00,1.00,3839.00,1421.00,377.00,401.00,61.00,1579.00
2022,5,OO,SkyWest Airlines Inc.,BNA,"Nashville, TN: Nashville International",558.00,114.00,87.00,8.00,1.00,1.00,17.00,4.00,1.00,7529.00,5347.00,547.00,140.00,27.00,1468.00
2022,5,UA,United Air Lines Network,BNA,"Nashville, TN: Nashville International",360.00,115.00,36.01,4.85,32.99,0.00,41.15,3.00,0.00,9873.00,2866.00,602.00,1688.00,0.00,4717.00
2022,5,WN,Southwest Airlines,BNA,"Nashville, TN: Nashville International",3648.00,652.00,227.39,8.29,76.41,2.58,337.33,12.00,3.00,30176.00,9593.00,696.00,3236.00,185.00,16466.00
2022,5,YV,Mesa Airlines Inc.,BNA,"Nashville, TN: Nashville International",24.00,4.00,2.00,0.00,2.00,0.00,0.00,0.00,0.00,446.00,403.00,0.00,43.00,0.00,0.00
2022,5,YX,Republic Airline,BNA,"Nashville, TN: Nashville International",448.00,99.00,26.14,3.78,25.78,0.00,43.31,14.00,2.00,6482.00,1419.00,295.00,1363.00,0.00,3405.00
2022,5,ZW,Air Wisconsin Airlines Corp,BNA,"Nashville, TN: Nashville International",4.00,1.00,0.78,0.00,0.22,0.00,0.00,0.00,0.00,120.00,94.00,0.00,26.00,0.00,0.00
2022,4,9E,Endeavor Air Inc.,BNA,"Nashville, TN: Nashville International",142.00,14.00,5.20,0.00,6.80,0.00,2.00,1.00,0.00,975.00,437.00,0.00,265.00,0.00,273.00
2022,4,AA,American Airlines Network,BNA,"Nashville, TN: Nashville International",467.00,106.00,41.22,1.27,22.57,0.00,40.94,7.00,1.00,5951.00,2012.00,131.00,1139.00,0.00,2669.00
2022,4,AS,Alaska Airlines Network,BNA,"Nashville, TN: Nashville International",58.00,12.00,2.33,0.00,8.67,0.00,1.00,2.00,1.00,347.00,51.00,0.00,237.00,0.00,59.00
2022,4,B6,JetBlue Airways,BNA,"Nashville, TN: Nashville International",208.00,68.00,35.40,0.89,20.61,2.02,9.09,30.00,0.00,4912.00,3183.00,54.00,901.00,71.00,703.00
2022,4,C5,"Commutair Aka Champlain Enterprises, Inc.",BNA,"Nashville, TN: Nashville International",5.00,0.00,0.00,0.00,0.00,0.00,0.00,0.00,0.00,0.00,0.00,0.00,0.00,0.00,0.00
2022,4,DL,Delta Air Lines Network,BNA,"Nashville, TN: Nashville International",453.00,76.00,48.12,4.42,11.06,0.00,12.41,2.00,1.00,4992.00,3515.00,292.00,421.00,0.00,764.00
2022,4,F9,Frontier Airlines,BNA,"Nashville, TN: Nashville International",52.00,16.00,7.49,1.96,2.28,0.00,4.27,1.00,0.00,1101.00,552.00,160.00,122.00,0.00,267.00
2022,4,G4,Allegiant Air,BNA,"Nashville, TN: Nashville International",211.00,93.00,13.22,1.06,26.77,0.00,51.96,9.00,0.00,6150.00,775.00,145.00,1058.00,0.00,4172.00
2022,4,MQ,Envoy Air,BNA,"Nashville, TN: Nashville International",180.00,24.00,5.01,2.50,12.88,0.00,3.62,5.00,1.00,1326.00,259.00,371.00,516.00,0.00,180.00
2022,4,NK,Spirit Airlines,BNA,"Nashville, TN: Nashville International",146.00,47.00,12.21,0.28,22.59,0.42,11.50,21.00,0.00,2580.00,634.00,14.00,1138.00,16.00,778.00
2022,4,OH,PSA Airlines Inc.,BNA,"Nashville, TN: Nashville International",231.00,42.00,13.78,0.00,10.11,0.55,17.57,3.00,1.00,2965.00,728.00,0.00,400.00,11.00,1826.00
2022,4,OO,SkyWest Airlines Inc.,BNA,"Nashville, TN: Nashville International",580.00,114.00,69.00,13.00,5.00,0.00,27.00,4.00,0.00,11078.00,5838.00,1108.00,704.00,0.00,3428.00
2022,4,UA,United Air Lines Network,BNA,"Nashville, TN: Nashville International",166.00,35.00,11.46,0.64,7.51,0.00,15.38,1.00,0.00,2770.00,650.00,345.00,338.00,0.00,1437.00
2022,4,WN,Southwest Airlines,BNA,"Nashville, TN: Nashville International",3454.00,841.00,302.86,13.59,129.99,1.56,393.01,58.00,4.00,44291.00,13394.00,1172.00,7324.00,45.00,22356.00
2022,4,YV,Mesa Airlines Inc.,BNA,"Nashville, TN: Nashville International",10.00,2.00,1.00,0.00,1.00,0.00,0.00,0.00,0.00,149.00,111.00,0.00,38.00,0.00,0.00
2022,4,YX,Republic Airline,BNA,"Nashville, TN: Nashville International",617.00,116.00,28.92,1.62,48.68,0.00,36.78,9.00,0.00,6688.00,1802.00,137.00,1808.00,0.00,2941.00
2022,4,ZW,Air Wisconsin Airlines Corp,BNA,"Nashville, TN: Nashville International",1.00,0.00,0.00,0.00,0.00,0.00,0.00,0.00,0.00,0.00,0.00,0.00,0.00,0.00,0.00
2022,3,9E,Endeavor Air Inc.,BNA,"Nashville, TN: Nashville International",131.00,17.00,3.33,0.70,9.45,0.00,3.52,2.00,0.00,1035.00,254.00,54.00,303.00,0.00,424.00
2022,3,AA,American Airlines Network,BNA,"Nashville, TN: Nashville International",599.00,105.00,43.93,1.05,19.52,1.66,38.83,10.00,2.00,6924.00,3068.00,73.00,955.00,59.00,2769.00
2022,3,AS,Alaska Airlines Network,BNA,"Nashville, TN: Nashville International",62.00,8.00,2.27,0.00,3.86,0.00,1.87,0.00,0.00,360.00,182.00,0.00,117.00,0.00,61.00
2022,3,B6,JetBlue Airways,BNA,"Nashville, TN: Nashville International",132.00,36.00,25.24,0.00,3.09,1.00,6.66,8.00,1.00,3080.00,2198.00,0.00,207.00,29.00,646.00
2022,3,DL,Delta Air Lines Network,BNA,"Nashville, TN: Nashville International",510.00,89.00,46.75,2.90,16.89,0.25,22.21,2.00,1.00,5963.00,3632.00,257.00,787.00,116.00,1171.00
2022,3,F9,Frontier Airlines,BNA,"Nashville, TN: Nashville International",53.00,12.00,4.81,0.40,2.41,0.00,4.38,8.00,0.00,728.00,280.00,10.00,73.00,0.00,365.00
2022,3,G4,Allegiant Air,BNA,"Nashville, TN: Nashville International",197.00,87.00,11.91,1.34,22.20,0.00,51.55,11.00,0.00,6484.00,875.00,187.00,1263.00,0.00,4159.00
2022,3,MQ,Envoy Air,BNA,"Nashville, TN: Nashville International",110.00,17.00,4.76,0.38,2.91,0.00,8.95,0.00,0.00,1089.00,182.00,68.00,235.00,0.00,604.00
2022,3,NK,Spirit Airlines,BNA,"Nashville, TN: Nashville International",159.00,51.00,11.20,0.07,24.17,1.89,13.66,5.00,0.00,3277.00,560.00,4.00,1402.00,34.00,1277.00
2022,3,OH,PSA Airlines Inc.,BNA,"Nashville, TN: Nashville International",173.00,50.00,20.55,1.03,9.45,0.00,18.97,5.00,0.00,3273.00,1355.00,84.00,386.00,0.00,1448.00
2022,3,OO,SkyWest Airlines Inc.,BNA,"Nashville, TN: Nashville International",478.00,95.00,63.00,6.00,0.00,0.00,26.00,1.00,1.00,5616.00,2952.00,331.00,0.00,0.00,2333.00
2022,3,PT,Piedmont Airlines,BNA,"Nashville, TN: Nashville International",8.00,2.00,0.29,0.00,1.23,0.00,0.48,0.00,0.00,189.00,48.00,0.00,60.00,0.00,81.00
2022,3,UA,United Air Lines Network,BNA,"Nashville, TN: Nashville International",155.00,37.00,15.56,0.00,9.32,0.00,12.13,1.00,0.00,1846.00,636.00,0.00,349.00,0.00,861.00
2022,3,WN,Southwest Airlines,BNA,"Nashville, TN: Nashville International",3351.00,813.00,294.87,7.61,103.81,2.86,403.84,75.00,1.00,45749.00,14709.00,820.00,4922.00,152.00,25146.00
2022,3,YV,Mesa Airlines Inc.,BNA,"Nashville, TN: Nashville International",55.00,10.00,8.00,0.00,2.00,0.00,0.00,0.00,0.00,411.00,351.00,0.00,60.00,0.00,0.00
2022,3,YX,Republic Airline,BNA,"Nashville, TN: Nashville International",704.00,148.00,37.53,6.00,50.26,1.67,52.54,16.00,1.00,9531.00,2897.00,771.00,2108.00,46.00,3709.00
2022,2,9E,Endeavor Air Inc.,BNA,"Nashville, TN: Nashville International",136.00,38.00,8.01,3.30,18.00,1.00,7.69,3.00,1.00,2225.00,559.00,397.00,693.00,20.00,556.00
2022,2,AA,American Airlines Network,BNA,"Nashville, TN: Nashville International",611.00,128.00,39.93,3.46,22.03,0.00,62.58,46.00,0.00,8603.00,2917.00,437.00,966.00,0.00,4283.00
2022,2,AS,Alaska Airlines Network,BNA,"Nashville, TN: Nashville International",56.00,6.00,1.57,0.00,3.15,0.00,1.27,1.00,0.00,276.00,103.00,0.00,101.00,0.00,72.00
2022,2,B6,JetBlue Airways,BNA,"Nashville, TN: Nashville International",94.00,31.00,14.89,0.00,7.94,0.00,8.17,6.00,0.00,2034.00,1069.00,0.00,344.00,0.00,621.00
2022,2,DL,Delta Air Lines Network,BNA,"Nashville, TN: Nashville International",458.00,66.00,34.36,1.81,14.68,0.00,15.15,12.00,2.00,3682.00,1851.00,286.00,553.00,0.00,992.00
2022,2,F9,Frontier Airlines,BNA,"Nashville, TN: Nashville International",41.00,11.00,2.70,0.00,3.03,0.00,5.27,3.00,0.00,588.00,152.00,0.00,72.00,0.00,364.00
2022,2,G4,Allegiant Air,BNA,"Nashville, TN: Nashville International",112.00,35.00,10.11,0.75,6.51,0.00,17.63,7.00,1.00,2290.00,622.00,57.00,226.00,0.00,1385.00
2022,2,MQ,Envoy Air,BNA,"Nashville, TN: Nashville International",91.00,28.00,9.37,0.87,7.14,0.00,10.62,5.00,0.00,1384.00,570.00,30.00,220.00,0.00,564.00
2022,2,NK,Spirit Airlines,BNA,"Nashville, TN: Nashville International",134.00,38.00,7.22,0.69,23.18,0.07,6.84,1.00,0.00,2472.00,718.00,38.00,1488.00,12.00,216.00
2022,2,OH,PSA Airlines Inc.,BNA,"Nashville, TN: Nashville International",138.00,28.00,7.39,0.06,6.08,0.00,14.46,6.00,0.00,1680.00,422.00,3.00,283.00,0.00,972.00
2022,2,OO,SkyWest Airlines Inc.,BNA,"Nashville, TN: Nashville International",402.00,105.00,65.00,6.00,0.00,0.00,34.00,8.00,1.00,7225.00,3547.00,923.00,0.00,0.00,2755.00
2022,2,UA,United Air Lines Network,BNA,"Nashville, TN: Nashville International",166.00,24.00,8.44,0.47,7.59,0.00,7.50,5.00,0.00,1234.00,421.00,8.00,265.00,0.00,540.00
2022,2,WN,Southwest Airlines,BNA,"Nashville, TN: Nashville International",3120.00,554.00,230.77,7.84,95.71,1.52,218.15,111.00,5.00,26445.00,11211.00,446.00,3407.00,49.00,11332.00
2022,2,YV,Mesa Airlines Inc.,BNA,"Nashville, TN: Nashville International",38.00,11.00,7.00,0.00,3.00,0.00,1.00,3.00,0.00,688.00,501.00,0.00,131.00,0.00,56.00
2022,2,YX,Republic Airline,BNA,"Nashville, TN: Nashville International",576.00,127.00,45.67,0.23,43.00,0.92,37.17,26.00,3.00,7416.00,3003.00,15.00,1706.00,35.00,2657.00
2022,1,9E,Endeavor Air Inc.,BNA,"Nashville, TN: Nashville International",142.00,27.00,8.32,1.45,10.00,0.00,7.23,11.00,0.00,1882.00,553.00,119.00,571.00,0.00,639.00
2022,1,AA,American Airlines Network,BNA,"Nashville, TN: Nashville International",616.00,94.00,41.31,1.77,14.15,0.07,36.70,23.00,2.00,6399.00,2776.00,118.00,657.00,2.00,2846.00
2022,1,AS,Alaska Airlines Network,BNA,"Nashville, TN: Nashville International",40.00,11.00,4.86,0.00,4.64,0.00,1.50,3.00,0.00,342.00,222.00,0.00,90.00,0.00,30.00
2022,1,B6,JetBlue Airways,BNA,"Nashville, TN: Nashville International",83.00,22.00,8.88,0.90,5.93,0.00,6.28,11.00,0.00,1326.00,674.00,46.00,135.00,0.00,471.00
2022,1,DL,Delta Air Lines Network,BNA,"Nashville, TN: Nashville International",510.00,80.00,38.94,5.73,20.48,0.00,14.85,19.00,0.00,5815.00,3525.00,498.00,784.00,0.00,1008.00
2022,1,F9,Frontier Airlines,BNA,"Nashville, TN: Nashville International",49.00,10.00,4.73,0.00,2.83,0.00,2.44,5.00,0.00,487.00,250.00,0.00,89.00,0.00,148.00
2022,1,G4,Allegiant Air,BNA,"Nashville, TN: Nashville International",125.00,47.00,10.62,0.65,10.81,0.00,24.93,16.00,0.00,3551.00,962.00,20.00,509.00,0.00,2060.00
2022,1,MQ,Envoy Air,BNA,"Nashville, TN: Nashville International",100.00,24.00,2.39,0.99,8.35,0.00,12.26,6.00,0.00,1280.00,178.00,36.00,262.00,0.00,804.00
2022,1,NK,Spirit Airlines,BNA,"Nashville, TN: Nashville International",145.00,53.00,6.87,0.41,35.94,1.32,8.46,5.00,0.00,3037.00,449.00,29.00,1816.00,62.00,681.00
2022,1,OH,PSA Airlines Inc.,BNA,"Nashville, TN: Nashville International",153.00,35.00,8.03,1.90,10.69,0.00,14.37,19.00,0.00,2206.00,363.00,178.00,459.00,0.00,1206.00
2022,1,OO,SkyWest Airlines Inc.,BNA,"Nashville, TN: Nashville International",363.00,74.00,56.00,5.00,0.00,0.00,13.00,41.00,1.00,4887.00,3480.00,218.00,0.00,0.00,1189.00
2022,1,UA,United Air Lines Network,BNA,"Nashville, TN: Nashville International",215.00,40.00,26.37,0.00,8.31,0.00,5.32,33.00,0.00,2590.00,1938.00,0.00,302.00,0.00,350.00
2022,1,WN,Southwest Airlines,BNA,"Nashville, TN: Nashville International",3311.00,517.00,192.47,9.16,73.46,0.55,241.37,269.00,5.00,28401.00,9411.00,728.00,3197.00,23.00,15042.00
2022,1,YV,Mesa Airlines Inc.,BNA,"Nashville, TN: Nashville International",53.00,6.00,5.00,0.00,1.00,0.00,0.00,17.00,0.00,363.00,317.00,0.00,46.00,0.00,0.00
2022,1,YX,Republic Airline,BNA,"Nashville, TN: Nashville International",677.00,151.00,49.69,7.33,54.91,0.00,39.06,68.00,1.00,8502.00,3281.00,579.00,1984.00,0.00,2658.00
